RESPONDENT_ID;GENDER;S0_ENGLISH_NECESSARY;ENP_APPLICABLE;END_BLOCK_MISSING;ENP01;ENP02;ENP03;ENP04;ENP05;ENP06;PTED01;PTED02;PTED03;PTED04;PTED05;PTED06;MEU01;MEU02;MEU03;MEU04;MEU05;REH01;REH02;REH03;ELA01;ELA02;ELA03;ORG01;ORG02;ORG03;CRT01;CRT02;CRT03;MSR01;MSR02;MSR03;MSR04;TSEM01;TSEM02;TSEM03;VLS01;VLS02;VLS03;VLS04;VLS05;VLS06;DEL01;DEL02;DEL03;DEL04;DEL05;DEL06;DEL07;LPSN01;LPSN02;LPSN03;LPSN04;LPSN05;SFN01;SFN02;SFN03;SFN04;TECN01;TECN02;TECN03;TECN04;TECN05;TECN06;PU01;PU02;PU03;PU04;BI01;BI02;BI03
1;1;1;1;0;5;5;5;5;5;5;5;5;5;5;5;5;1;1;1;1;1;1;1;1;1;1;1;1;1;1;1;1;1;1;1;1;1;1;1;1;1;1;1;1;1;1;1;1;1;1;1;1;1;1;1;1;1;1;1;1;1;1;1;1;1;1;1;1;1;1;1;1;1;1;1
2;0;1;1;0;4;4;4;3;4;4;5;5;4;5;4;5;3;2;4;4;2;4;4;4;3;4;3;3;3;3;3;3;3;3;3;3;3;3;3;3;4;4;3;4;3;4;4;4;4;3;4;4;4;5;5;5;5;5;4;4;4;4;5;5;5;5;5;5;5;4;5;5;5;5;5
3;1;1;1;0;5;5;5;5;5;5;3;3;2;3;4;3;4;3;3;4;2;5;5;5;4;4;5;5;3;2;4;4;4;5;4;5;5;5;4;3;4;5;3;4;4;5;5;5;4;4;3;4;5;5;5;5;4;5;5;5;5;5;5;5;5;5;5;5;3;4;4;3;4;4;4
4;1;1;1;0;3;5;5;4;5;4;5;4;5;5;5;3;2;2;2;3;2;2;2;2;2;3;3;4;3;3;3;3;3;3;2;3;3;4;4;3;3;2;3;3;3;4;4;4;4;3;4;4;4;4;4;4;4;4;4;4;4;4;5;5;5;5;5;5;5;5;4;5;5;5;5
5;0;1;1;0;4;4;5;3;4;5;5;5;5;4;5;5;3;2;3;3;2;3;4;3;5;2;2;4;2;4;4;3;4;5;4;4;5;5;4;4;5;3;3;5;3;4;5;5;2;5;5;5;4;5;5;5;5;2;2;5;5;5;5;5;5;2;3;4;4;4;5;5;5;3;3
6;1;1;1;0;5;5;5;5;5;5;4;4;4;4;4;4;3;3;3;3;3;3;3;3;3;3;3;3;3;3;3;3;3;3;3;3;3;3;3;3;4;3;3;3;3;3;3;3;3;3;3;3;3;3;3;3;3;3;3;3;3;3;3;3;3;3;3;3;3;3;3;3;3;3;3
7;1;1;1;0;2;5;5;1;3;5;5;4;5;5;5;5;2;2;2;2;2;3;4;4;4;2;2;2;2;2;5;2;4;4;4;3;5;2;3;3;4;4;1;3;2;4;5;3;5;5;5;5;5;4;4;4;4;2;5;5;5;5;5;5;5;5;5;5;5;5;5;5;5;5;5
8;1;1;1;0;5;3;5;5;5;5;3;3;3;4;4;3;3;2;2;3;3;3;4;5;4;3;4;4;3;4;3;3;4;3;4;3;2;2;2;3;3;4;2;4;3;5;3;4;4;4;3;4;5;5;4;3;4;5;4;4;4;3;5;4;5;5;5;5;5;4;4;5;5;4;5
9;1;1;1;0;4;5;5;4;5;3;4;5;4;5;5;3;3;2;4;3;4;5;3;4;5;4;5;4;2;5;2;4;2;2;3;4;3;1;1;5;1;3;5;4;3;4;5;5;5;5;5;5;5;5;5;5;5;1;2;3;5;5;5;4;3;5;5;5;5;5;4;5;5;5;5
10;1;1;1;0;1;1;1;1;1;1;1;1;1;1;1;1;1;1;1;1;1;1;1;1;1;1;1;1;1;1;1;1;1;1;1;1;1;1;1;1;1;1;1;1;1;1;1;1;1;1;1;1;1;4;4;4;4;4;4;4;4;4;4;4;4;4;4;4;4;4;4;4;4;4;4
11;1;1;1;0;5;4;4;3;4;4;4;5;4;5;4;4;2;2;2;3;1;4;4;3;3;4;3;4;3;2;3;3;4;3;2;3;3;2;1;3;2;4;1;4;3;4;4;2;2;3;3;3;4;4;3;3;3;3;4;4;4;3;4;4;4;3;3;4;3;3;4;4;4;4;4
12;1;1;1;0;4;4;5;3;4;5;3;2;2;3;4;3;3;3;2;2;3;4;4;4;4;3;4;5;5;5;5;3;4;5;4;4;5;3;3;3;4;4;3;4;3;5;5;3;4;5;3;4;4;5;5;4;5;3;4;4;5;5;5;4;5;4;5;4;4;5;4;5;4;4;4
13;1;1;1;0;5;5;5;5;5;5;5;4;4;5;5;4;3;3;3;3;3;3;3;3;3;3;3;3;3;3;3;3;3;3;3;3;3;3;3;3;3;3;3;3;3;3;3;3;3;3;3;3;3;3;3;3;3;3;3;3;3;3;3;3;3;3;3;3;3;3;3;3;3;3;3
14;0;1;1;0;5;5;5;5;5;5;4;3;4;5;5;3;3;2;2;2;2;3;3;4;3;4;3;3;2;3;3;2;2;3;3;3;3;3;2;2;2;3;3;3;3;3;4;3;3;4;4;4;4;5;4;4;4;4;4;4;4;4;4;4;4;4;4;4;4;4;4;4;4;4;4
15;0;1;1;0;5;5;5;5;5;5;3;3;3;3;3;3;3;3;3;3;3;3;3;3;3;3;3;3;3;3;3;3;3;3;3;3;3;3;3;3;3;3;3;3;3;3;3;3;3;3;3;3;3;3;3;3;3;3;3;3;3;3;3;3;3;3;3;3;3;3;3;3;3;3;3
16;1;1;1;0;2;2;3;2;4;4;4;4;4;4;4;4;3;3;3;3;3;3;3;3;3;3;3;3;3;3;3;3;3;3;3;3;3;3;3;3;3;3;3;3;3;3;3;3;3;3;3;3;3;3;3;3;3;3;3;3;3;3;3;3;3;3;3;3;3;3;3;3;3;3;3
17;1;1;1;0;5;5;5;4;5;5;3;3;4;3;3;2;4;4;4;4;4;4;3;4;4;3;4;4;4;3;3;4;4;5;4;4;4;3;4;3;4;3;3;4;4;4;4;5;4;3;4;4;4;4;3;4;4;3;4;3;3;4;4;5;4;4;3;4;5;5;4;5;4;4;3
18;1;1;1;0;4;4;4;4;4;4;3;3;3;3;3;3;3;3;3;3;3;3;3;3;3;3;3;3;3;3;3;3;3;3;3;3;3;3;3;3;3;3;3;3;3;3;3;3;3;3;3;3;3;3;3;3;3;3;3;3;3;3;3;3;3;3;3;3;3;3;3;3;3;3;3
19;0;1;1;0;3;3;4;4;4;4;3;3;3;3;3;3;3;3;3;3;3;3;3;3;3;3;3;3;3;3;3;3;3;3;3;3;1;3;3;3;3;3;3;3;3;3;3;3;3;3;3;3;3;3;3;3;3;3;3;3;3;3;3;3;3;3;3;3;3;3;3;1;3;3;3
20;1;1;1;0;4;3;4;3;4;4;3;3;3;4;3;4;3;2;3;4;3;3;4;3;4;3;4;3;3;3;2;3;4;4;3;3;4;3;4;3;4;3;4;3;4;3;3;4;3;4;3;4;3;3;4;3;4;3;3;4;3;4;3;4;3;4;3;4;3;4;3;4;3;4;3
21;0;1;1;0;5;4;4;3;4;3;5;5;4;4;4;3;3;3;2;3;2;4;3;4;4;3;4;4;4;3;4;3;4;4;4;4;3;4;4;3;4;4;4;4;4;3;4;4;4;4;4;4;4;3;4;4;4;4;5;4;4;5;5;4;5;3;4;4;4;4;3;5;4;4;4
22;0;1;1;0;3;4;5;3;5;5;5;5;5;5;5;5;1;1;1;1;1;4;4;4;4;3;3;4;2;2;2;2;2;3;3;3;3;3;4;4;4;3;3;3;3;4;4;4;4;3;3;3;4;4;4;4;4;3;4;4;4;4;4;4;4;4;4;4;4;4;4;4;4;4;4
23;0;1;1;0;4;4;4;4;4;4;2;2;2;2;2;2;4;4;5;4;4;4;4;4;4;4;4;4;4;4;4;4;4;4;4;4;4;4;4;4;4;4;4;4;4;4;4;4;4;4;4;4;4;4;4;4;4;4;4;4;4;4;4;4;4;4;4;4;4;4;4;4;4;4;4
24;1;1;1;0;5;4;5;4;4;4;5;5;4;4;5;5;4;5;4;4;4;4;4;4;4;4;5;5;5;4;4;4;4;4;5;4;4;4;4;5;4;4;4;4;5;5;4;3;4;4;4;3;4;5;5;4;4;4;4;4;5;4;5;5;4;3;4;4;5;4;5;4;4;5;5
25;0;1;1;0;4;4;4;4;4;4;4;4;4;4;4;3;3;3;3;3;3;3;3;3;3;3;3;3;3;3;3;3;3;3;3;3;3;3;3;3;3;3;3;3;3;3;3;3;3;3;3;3;3;3;3;3;3;3;3;3;3;3;3;3;3;3;3;3;3;3;3;3;3;3;3
26;1;0;0;1;;;;;;;4;4;2;4;4;2;3;4;2;4;4;3;3;2;3;2;4;4;1;1;4;4;4;2;3;2;4;3;2;2;2;2;1;4;2;4;4;4;4;2;3;4;4;4;4;4;4;1;4;3;4;3;5;5;4;2;4;4;4;4;4;4;1;1;1
27;1;1;1;0;5;5;5;5;5;5;3;3;3;3;3;3;4;4;4;4;4;4;4;4;4;4;4;4;4;4;4;4;4;4;4;4;4;4;4;4;4;4;4;4;4;4;4;4;4;4;4;4;4;5;5;5;5;5;5;5;5;5;5;5;5;5;5;5;5;5;5;5;5;5;5
28;1;1;1;0;4;3;4;3;4;4;4;4;3;4;3;5;2;3;2;2;2;4;4;5;5;4;3;5;4;4;4;4;4;4;4;4;4;3;5;4;4;3;4;4;4;4;5;4;4;3;4;5;4;5;4;4;4;4;4;4;5;4;4;4;4;4;4;4;4;4;4;4;5;4;5
29;0;1;1;0;4;4;4;4;4;4;3;3;3;3;3;3;3;3;3;3;3;3;3;3;3;3;3;3;3;3;3;3;3;3;3;3;3;3;3;3;3;3;3;3;3;3;3;3;3;3;3;3;3;3;3;3;3;3;3;3;3;3;3;3;3;3;3;3;3;3;3;3;3;3;3
30;0;1;1;0;3;3;3;3;3;3;3;3;3;3;3;3;3;3;3;2;2;3;3;3;3;3;3;3;3;3;3;3;3;3;3;3;3;3;3;3;3;3;3;3;3;3;3;3;3;3;3;3;3;3;3;3;3;3;3;3;3;3;3;3;3;3;3;3;3;3;3;3;3;3;3
31;0;1;1;0;4;4;4;4;4;4;4;4;4;4;4;4;3;3;3;3;3;3;3;3;3;3;3;3;3;3;3;3;3;3;3;3;3;3;3;3;3;3;3;3;3;3;3;3;3;3;3;3;3;4;4;4;4;4;4;4;4;4;4;4;4;4;4;4;4;4;4;4;4;4;4
32;1;1;1;0;3;4;4;3;3;4;3;3;3;3;3;3;3;4;2;3;3;4;4;4;4;3;4;4;4;3;4;4;4;4;3;4;3;4;4;4;4;4;3;3;4;4;4;3;4;3;3;3;2;3;3;4;3;4;3;3;3;4;3;3;3;3;3;4;3;4;4;3;4;4;3
33;0;1;1;0;4;4;5;4;5;5;5;4;4;5;4;5;2;2;1;2;1;4;4;4;4;4;4;4;4;4;4;5;5;5;3;4;4;4;4;4;3;5;3;4;5;5;5;5;2;5;5;4;5;4;4;4;4;4;4;4;4;4;5;5;4;4;4;5;3;3;3;3;3;3;3
34;0;1;1;0;3;3;3;3;3;3;4;4;4;4;4;4;3;1;1;1;1;2;2;2;3;3;4;3;2;2;3;3;3;3;3;3;3;1;1;1;1;1;1;1;1;1;3;1;1;3;1;2;3;2;2;2;2;2;2;3;3;3;2;3;1;3;4;2;3;3;3;3;1;1;1
35;0;1;1;0;4;4;4;4;4;4;4;4;5;4;4;4;1;1;1;1;1;4;3;3;3;3;3;3;3;3;4;4;4;3;3;3;3;3;3;3;3;3;3;3;3;3;3;4;3;3;3;3;3;4;4;4;4;4;4;4;4;4;4;4;4;4;4;4;4;4;4;4;4;4;4
36;0;1;1;0;5;4;5;4;5;5;4;4;4;5;5;5;1;1;2;2;1;2;2;3;3;5;3;4;3;3;3;3;4;4;3;5;5;4;1;3;5;3;4;5;3;5;5;5;5;5;5;4;5;4;3;5;4;2;5;5;4;5;3;4;3;1;4;5;4;4;3;5;5;5;5
37;0;1;1;0;4;4;4;4;4;3;3;3;4;4;4;4;2;2;2;1;1;3;3;4;3;3;4;4;4;4;2;3;4;4;3;4;4;3;3;2;2;4;3;4;3;5;3;4;4;4;3;3;4;3;3;3;4;3;3;3;4;4;3;4;4;3;4;3;4;3;3;3;3;3;4
38;1;1;1;0;5;5;3;1;4;3;3;3;3;3;3;3;4;4;4;4;4;1;2;4;4;3;3;3;1;2;3;3;3;2;4;4;3;1;1;1;5;1;1;4;3;5;5;3;1;3;1;1;4;1;1;1;1;1;5;5;5;5;3;3;3;3;3;3;3;3;3;3;3;3;3
39;0;1;1;0;3;3;3;3;3;3;3;2;3;2;3;2;3;2;3;2;2;3;3;3;3;3;3;3;3;3;3;3;3;3;3;3;3;3;3;3;3;3;3;3;3;2;2;3;3;3;2;3;3;4;4;4;4;4;4;4;4;4;4;4;4;4;4;4;4;4;4;4;4;4;4
40;1;1;1;0;3;3;4;3;3;4;3;4;4;4;4;3;2;2;3;2;3;2;3;3;4;3;3;3;2;2;2;3;3;3;2;2;2;3;2;4;4;2;2;4;2;4;3;2;2;2;3;3;2;3;3;3;3;3;3;2;3;3;3;3;2;3;3;3;3;3;3;4;3;4;4
41;0;1;1;0;3;3;3;3;3;3;4;4;4;4;4;4;3;3;3;3;3;3;3;3;3;3;3;3;3;3;4;4;4;3;3;3;3;1;1;1;1;1;1;1;1;1;3;3;3;1;1;1;3;3;3;3;3;3;3;3;3;3;3;3;3;3;3;3;3;3;3;3;3;3;3
42;1;1;1;0;4;4;4;4;4;4;3;3;3;3;3;3;3;3;3;3;3;3;3;3;3;3;3;3;3;3;3;3;3;3;3;3;3;3;3;3;3;3;3;3;3;3;3;3;3;3;3;3;3;3;3;3;3;3;3;3;3;3;3;3;3;3;3;3;3;3;3;3;3;3;3
43;1;1;1;0;5;5;5;4;5;5;3;4;2;3;3;3;2;3;3;2;2;3;3;3;3;3;3;3;3;3;3;3;3;3;3;3;3;3;3;3;3;3;3;3;3;3;3;3;3;3;3;3;3;3;3;3;3;3;3;3;3;3;3;3;3;3;3;3;3;3;3;3;3;3;3
44;1;1;1;0;3;3;3;3;3;3;4;4;4;4;4;4;2;2;2;3;2;3;2;3;3;2;3;2;2;3;3;3;3;2;3;3;3;2;2;2;2;3;2;2;2;3;3;3;3;2;3;3;3;3;3;3;3;3;3;3;3;3;3;3;3;3;3;3;3;3;3;3;4;4;4
45;1;1;1;0;3;4;4;2;4;4;2;2;3;4;4;4;2;2;2;2;2;4;2;3;4;3;3;4;3;2;4;3;3;3;3;3;3;3;3;3;3;3;3;3;3;3;3;3;3;3;3;3;3;3;3;3;3;3;3;3;3;3;3;3;3;3;3;3;4;4;4;4;4;4;4
46;0;1;1;0;3;3;4;3;4;3;3;3;3;3;3;3;3;3;3;3;3;4;4;3;3;4;4;4;3;3;3;4;4;3;4;4;4;3;3;3;3;3;3;3;3;3;4;4;4;3;4;4;4;3;3;3;3;3;3;3;3;3;3;3;3;3;3;3;3;3;3;3;3;3;3
47;1;1;1;0;3;3;3;3;3;3;3;3;3;3;3;3;3;3;3;3;3;4;4;3;3;3;3;3;3;3;3;3;3;3;3;3;3;3;3;3;4;3;3;3;3;3;3;3;3;3;3;3;3;4;3;3;3;3;3;3;3;3;3;3;3;3;3;3;4;4;4;4;3;3;3
48;0;1;1;0;5;5;5;5;5;5;3;3;3;3;3;3;3;3;3;4;3;4;4;4;4;4;4;4;4;4;4;4;4;5;5;5;5;5;5;5;5;4;4;4;4;4;4;4;4;4;4;4;4;4;4;4;4;4;4;4;4;4;4;4;4;4;4;4;4;4;4;4;4;4;4
49;1;1;1;0;3;4;4;3;4;4;3;3;4;4;4;5;3;3;2;2;2;3;2;3;3;2;3;3;2;2;3;3;3;3;3;3;3;2;2;3;3;3;1;2;3;4;3;3;3;2;2;3;1;3;3;3;3;3;3;3;3;3;3;3;3;3;3;3;4;4;3;4;3;3;3
50;0;1;1;0;4;4;5;4;4;4;4;3;3;4;2;4;2;3;2;3;3;4;4;4;4;4;4;4;4;4;4;4;4;4;4;4;4;4;4;4;4;4;4;3;3;3;3;3;3;3;3;3;3;3;4;4;4;4;4;4;4;4;4;4;4;4;4;4;4;4;4;4;4;4;4
51;0;1;1;0;4;5;5;5;5;5;3;3;4;5;5;5;3;3;3;3;3;3;3;3;4;4;4;3;3;3;3;3;3;4;4;4;3;4;3;3;3;3;3;3;3;3;3;3;3;3;3;3;3;3;3;3;4;3;3;3;3;3;4;3;4;3;3;3;4;3;3;4;4;3;3
52;0;1;1;0;3;3;3;3;3;3;3;4;3;3;3;3;2;2;2;2;2;4;4;4;3;2;4;2;2;2;3;3;3;2;2;2;2;2;2;2;4;4;4;2;3;3;4;4;4;2;4;2;4;3;3;3;3;3;3;3;3;3;4;4;4;4;4;4;4;4;4;4;4;4;4
53;1;1;1;0;4;3;5;4;5;5;5;5;4;5;5;5;1;2;1;1;3;3;2;3;4;2;2;3;1;3;4;3;3;5;4;4;2;3;3;3;3;2;2;2;3;3;3;4;2;3;1;3;4;4;4;5;5;5;4;5;5;5;5;5;5;5;4;5;3;3;4;3;4;4;4
54;0;1;1;0;4;3;5;5;3;3;4;3;4;4;4;4;2;3;1;2;2;5;3;3;3;3;3;3;3;3;3;3;3;3;3;3;3;3;3;3;3;4;4;4;4;4;4;3;3;3;3;3;3;4;4;4;4;4;4;4;4;4;4;5;4;4;4;4;4;4;4;4;5;5;5
55;1;1;1;0;5;5;5;5;5;4;4;4;4;4;4;2;5;5;5;3;5;4;4;5;4;4;4;5;4;3;4;4;4;4;4;4;4;4;4;4;4;4;3;4;4;4;4;4;4;4;4;4;4;4;4;4;4;4;4;4;4;4;4;4;4;4;4;4;4;4;4;4;4;4;4
56;0;1;1;0;4;4;4;4;5;5;3;4;2;4;4;5;3;3;3;3;3;4;3;4;3;3;3;4;3;4;4;4;4;3;4;4;3;3;3;4;3;3;3;3;3;3;3;3;3;4;3;4;4;4;3;3;3;4;3;3;3;4;3;3;3;3;4;3;4;3;4;3;3;3;3
57;0;1;1;0;5;5;5;5;4;5;5;4;5;5;4;5;3;2;3;3;2;4;3;4;3;4;3;4;5;3;5;4;3;3;4;3;5;3;3;4;4;5;3;5;4;4;4;5;4;5;4;5;3;4;3;5;5;4;5;4;5;5;4;5;4;5;4;5;4;5;3;5;5;4;3
58;0;1;1;0;3;4;4;4;4;4;4;4;4;4;4;4;3;3;3;3;3;3;3;3;3;3;3;3;3;3;3;3;3;3;3;3;3;3;3;3;3;3;3;3;3;3;3;3;3;3;3;3;3;3;3;3;3;3;4;4;4;4;4;4;4;4;4;3;4;4;4;4;4;4;4
59;1;1;1;0;5;5;5;5;5;5;3;3;3;3;3;3;3;3;3;3;3;3;3;3;3;3;3;3;3;3;3;3;3;3;3;3;3;3;3;3;3;3;3;3;3;3;3;3;3;3;3;3;3;3;3;3;3;3;3;3;3;3;3;3;3;3;3;3;3;3;3;3;3;3;3
60;0;1;1;0;4;5;5;5;4;4;3;3;3;3;4;4;3;3;3;3;3;4;5;4;3;3;3;4;3;4;4;4;4;3;4;4;4;4;3;3;3;3;3;3;3;4;3;3;3;3;4;3;3;4;4;4;4;3;4;4;3;4;4;4;4;3;4;3;4;4;4;4;4;4;4
61;0;1;1;0;3;3;4;3;4;4;3;3;2;4;4;3;2;2;3;2;3;3;3;4;4;4;4;4;3;3;4;3;3;4;4;4;4;3;3;4;4;4;4;4;4;4;4;4;4;4;4;3;4;3;4;4;4;4;4;4;4;4;4;4;4;4;4;4;4;4;4;4;4;4;4
62;1;1;1;0;4;4;4;4;4;4;3;3;3;3;3;3;2;3;2;3;3;3;3;3;3;3;3;3;3;3;3;3;3;3;3;3;3;3;3;3;3;3;3;3;3;3;3;3;3;3;3;3;3;3;3;3;3;3;3;3;3;3;3;3;3;3;3;3;3;3;3;3;3;3;3
63;0;1;1;0;3;3;3;3;3;3;3;3;3;3;3;3;3;3;3;3;3;2;2;2;2;2;2;2;2;2;2;2;2;2;2;2;2;2;2;2;2;2;2;2;2;2;2;2;2;2;2;2;2;2;2;2;2;2;3;3;3;3;3;3;3;3;3;3;3;2;2;2;2;2;3
64;0;1;1;0;3;3;3;4;4;4;3;3;3;3;3;3;3;3;3;3;3;3;3;3;4;4;4;3;3;3;3;3;3;3;3;3;3;3;3;3;3;3;3;3;3;3;3;3;3;3;3;3;3;4;4;4;4;4;4;4;4;4;4;4;4;4;4;4;4;4;4;4;4;4;4
65;0;1;1;0;5;5;5;5;5;5;3;3;3;4;4;3;3;2;2;2;2;3;3;3;3;3;3;3;3;3;3;3;3;3;3;3;3;3;3;3;3;3;3;3;3;3;3;3;3;3;3;3;3;4;4;4;4;3;3;4;4;4;4;4;4;4;4;5;5;5;5;5;4;4;4
66;1;1;1;0;4;3;5;3;4;3;4;3;4;4;4;4;2;2;2;3;2;4;2;3;4;2;4;4;3;3;3;3;3;4;4;4;4;4;4;4;4;4;4;4;4;4;4;4;4;4;4;4;4;1;3;2;3;3;3;3;2;3;4;4;3;3;3;3;3;3;3;3;4;4;4
67;0;1;1;0;4;4;4;4;4;4;3;3;3;3;3;3;3;3;3;3;3;3;2;3;3;2;3;3;3;3;3;3;3;3;3;3;3;4;4;4;4;4;4;4;4;4;4;4;4;4;5;5;4;3;3;3;3;3;2;2;2;2;4;4;4;4;4;4;4;4;3;4;4;3;4
68;1;1;1;0;3;5;5;3;4;4;4;3;4;4;5;4;3;2;3;3;3;3;3;4;3;4;3;4;3;2;2;3;3;3;2;3;2;3;3;3;3;4;2;3;3;4;3;3;2;2;3;3;4;4;4;4;4;3;5;4;4;4;4;4;4;3;5;3;3;4;4;3;4;4;4
69;0;1;1;0;5;5;5;5;5;5;5;5;5;5;5;5;4;3;5;5;5;5;5;5;4;5;5;5;5;5;5;5;4;4;3;4;4;3;3;3;3;3;3;3;3;3;4;4;4;4;4;4;4;4;4;4;4;4;4;4;3;3;4;4;4;4;4;4;4;4;4;4;4;4;4
70;0;1;1;0;2;3;3;3;3;5;5;5;5;5;5;5;1;1;1;1;1;2;2;2;1;1;1;1;1;1;1;1;1;1;1;1;1;3;3;2;1;1;5;2;2;2;1;1;1;1;1;1;1;5;5;2;2;3;1;1;1;1;1;1;1;1;1;1;3;3;3;3;4;4;4
71;1;1;1;0;5;5;5;4;5;4;3;3;4;4;4;3;3;3;2;3;2;4;5;5;5;5;5;5;5;5;5;4;5;5;5;5;3;4;3;5;5;5;5;4;3;5;5;5;5;5;5;5;5;5;5;4;5;2;4;4;4;4;5;5;5;4;5;4;4;4;4;5;5;5;5
72;0;1;1;0;3;3;3;3;3;3;4;4;4;4;4;4;1;1;1;1;1;1;1;1;1;1;1;1;2;1;1;1;1;1;1;1;1;1;1;1;1;1;1;1;1;1;1;1;1;1;1;1;1;3;3;3;3;3;3;3;3;3;3;3;3;3;3;3;4;4;4;4;4;3;4
73;0;1;1;0;5;5;4;4;4;4;3;3;3;3;3;3;3;3;3;3;3;3;3;3;3;3;3;3;3;3;3;3;3;3;3;3;3;3;3;3;3;3;3;3;3;3;3;3;3;3;3;3;3;4;4;4;4;4;4;4;4;4;4;4;4;4;4;4;3;3;3;3;4;4;4
74;1;1;1;0;3;5;5;5;4;4;4;4;4;4;4;4;3;3;3;3;3;3;3;3;4;2;3;3;3;3;3;3;3;4;4;4;4;5;3;4;3;3;3;4;3;3;3;3;3;3;3;3;5;3;3;3;3;3;3;3;3;3;3;3;3;3;3;3;3;3;3;3;4;3;3
75;1;1;1;0;4;4;4;4;4;4;4;3;3;3;3;3;3;3;3;3;3;4;4;4;3;3;3;3;3;3;3;3;3;3;3;3;3;3;3;3;3;3;3;3;3;3;3;3;3;3;3;3;3;3;3;3;3;3;3;3;3;3;3;3;3;3;3;3;4;4;4;4;3;3;3
76;1;1;1;0;4;4;4;4;4;4;3;3;3;3;3;3;3;3;3;3;3;3;3;3;3;3;3;3;3;3;3;3;3;3;3;3;3;3;3;3;3;3;3;3;3;3;3;3;3;3;3;3;3;3;3;3;3;3;3;3;3;3;3;3;3;3;3;3;3;3;4;3;3;3;3
77;0;1;1;0;4;4;3;3;3;3;4;3;4;4;4;4;3;3;3;3;3;3;3;3;3;3;3;3;3;3;3;3;3;3;3;3;3;3;3;3;3;3;3;3;3;3;3;3;3;3;3;3;3;4;4;4;4;4;4;4;4;4;4;4;4;4;4;4;4;3;3;3;3;3;3
78;1;1;1;0;4;5;4;3;5;3;1;1;3;2;3;3;4;4;2;4;3;4;4;4;4;4;4;4;3;2;4;4;4;4;4;4;4;4;4;3;3;4;2;4;5;4;3;4;4;4;4;4;4;2;4;4;3;3;3;3;4;4;3;3;3;3;4;3;3;4;3;4;4;3;4
79;0;1;1;0;2;5;5;5;5;4;3;3;4;3;3;4;4;3;5;3;5;4;4;4;4;4;4;4;5;4;4;4;4;5;4;4;3;5;4;3;4;4;4;4;4;4;4;4;4;4;4;4;5;4;4;4;4;4;4;4;4;4;4;4;4;4;4;4;4;4;4;4;4;4;4
80;1;1;1;0;3;4;4;4;4;4;3;4;4;4;4;4;3;3;2;2;2;3;3;3;3;3;3;3;3;3;3;3;3;3;3;3;3;3;3;3;3;3;3;3;3;3;3;3;3;3;3;3;3;5;5;5;5;5;5;5;5;5;5;5;5;5;5;5;5;5;5;5;5;5;5
81;0;1;1;0;4;4;4;3;3;3;3;3;3;3;3;3;3;3;3;3;3;5;4;5;3;4;5;5;3;3;4;4;4;3;3;4;3;2;3;4;5;5;3;5;4;4;4;4;4;4;3;3;4;2;3;3;4;2;4;4;4;4;4;4;3;3;4;4;3;4;3;3;3;3;4
82;1;1;1;0;4;4;5;4;5;5;3;3;3;3;3;3;3;3;4;3;3;4;4;4;4;4;4;4;4;4;4;4;4;4;4;4;4;4;4;4;4;4;4;4;4;4;4;4;4;4;4;4;4;5;5;5;5;5;5;5;5;5;5;5;5;5;5;5;5;5;5;5;5;5;5
83;0;1;1;0;5;4;4;4;5;5;3;3;4;4;4;5;2;2;2;2;2;3;2;4;4;3;5;4;4;2;4;4;5;3;3;4;4;2;2;2;2;3;4;4;3;3;3;3;4;4;4;3;4;4;4;5;3;3;4;5;4;5;5;5;5;4;5;4;5;4;4;5;5;5;5
84;0;1;1;0;2;2;4;2;2;5;2;3;3;4;5;3;2;2;2;2;2;3;3;4;3;4;2;4;3;2;3;4;2;4;4;4;4;3;3;3;4;4;4;4;4;4;5;5;5;5;5;5;5;4;4;4;5;2;4;4;4;5;5;5;5;5;5;5;5;5;5;5;5;5;5
85;0;1;1;0;4;4;4;4;4;4;3;3;4;4;3;3;2;3;2;2;2;4;4;4;4;3;4;3;2;2;4;4;3;3;3;4;4;4;4;4;4;4;4;4;4;4;4;4;4;3;4;4;4;4;4;4;4;4;4;4;4;4;4;4;4;4;4;4;4;4;4;4;4;3;4
86;0;1;1;0;4;3;5;5;4;5;3;3;4;4;4;4;3;4;4;2;2;4;4;4;4;4;4;3;3;4;4;4;4;4;3;4;4;4;4;4;4;4;4;4;4;4;4;4;4;4;4;4;4;4;3;3;4;4;4;4;4;4;4;4;4;4;4;4;4;4;4;4;4;4;4
87;1;1;1;0;4;5;4;4;4;5;4;4;4;4;4;4;2;1;1;2;2;4;2;3;2;2;2;2;2;3;2;3;2;2;2;2;2;2;2;2;2;3;2;2;3;2;2;3;2;2;2;3;3;4;5;4;4;5;3;4;3;4;4;5;4;5;4;5;4;5;5;4;4;4;5
88;0;1;1;0;2;3;3;3;3;3;3;3;3;4;4;4;2;2;2;2;2;3;4;4;4;4;4;4;3;3;3;3;3;4;4;4;4;3;3;4;3;3;3;3;4;4;4;4;4;4;4;4;4;3;3;4;4;3;3;4;4;4;4;4;4;3;4;4;3;4;3;4;4;4;4
89;0;1;1;0;4;4;3;3;3;3;4;3;3;3;3;3;4;3;3;3;3;4;4;4;4;4;4;4;4;4;4;4;4;4;4;4;4;4;4;4;3;3;3;3;3;4;4;4;4;3;3;3;3;4;4;4;3;3;4;4;4;4;4;4;4;4;4;4;4;4;4;4;4;4;4
90;1;1;1;0;2;4;3;1;2;5;5;4;5;5;5;5;1;1;1;1;1;2;2;3;3;2;2;2;1;1;2;2;2;1;1;1;2;2;1;2;1;1;1;1;3;3;2;1;1;1;2;1;1;2;3;3;3;2;2;3;3;3;2;2;1;2;3;2;1;1;1;1;1;1;1
91;0;1;1;0;3;3;3;3;3;3;4;4;4;4;4;4;3;3;3;3;3;3;2;2;3;3;3;3;3;3;3;3;3;3;3;3;3;3;3;3;3;3;3;3;3;3;3;3;3;3;3;3;3;3;3;3;3;3;3;3;3;3;3;3;3;3;3;3;3;3;3;3;3;3;3
92;0;1;1;0;2;4;5;4;5;5;4;4;4;4;4;4;1;1;1;1;1;4;4;4;4;4;3;4;3;4;3;4;4;4;3;3;3;2;1;1;1;2;1;1;2;2;2;2;1;1;1;2;2;3;2;2;3;4;3;2;3;5;4;4;5;3;4;3;5;4;4;5;5;5;5
93;1;1;1;0;5;5;5;5;5;5;3;3;3;3;3;3;3;3;3;3;3;3;3;3;3;3;3;3;3;3;3;3;3;3;3;3;3;3;3;3;3;3;3;3;3;3;3;3;3;3;3;3;3;4;4;4;4;4;5;4;4;4;4;4;4;4;4;4;4;4;4;4;4;4;4
94;0;1;1;0;4;4;5;5;5;5;3;2;2;2;2;2;1;1;1;1;1;3;2;4;3;3;2;3;2;2;2;2;2;1;1;1;3;2;2;2;3;2;2;3;2;4;3;2;2;3;3;3;2;3;4;4;4;2;4;4;3;3;4;4;4;4;3;4;4;3;3;2;4;4;4
95;1;1;1;0;3;3;5;3;3;3;3;3;3;3;3;3;3;3;3;3;3;3;3;3;3;3;3;3;3;3;3;3;3;3;4;3;3;3;3;3;3;4;2;3;2;2;2;2;2;2;2;3;2;3;3;2;2;2;2;2;2;2;2;2;2;2;2;2;3;2;2;2;2;2;2
96;0;1;1;0;5;4;5;4;5;4;5;5;5;5;5;5;3;3;4;3;2;4;4;5;4;5;4;4;3;3;3;4;4;5;5;4;5;5;5;4;5;5;3;4;4;4;4;4;4;4;4;4;5;4;4;4;4;3;4;4;5;5;5;5;4;4;4;4;5;4;5;5;4;4;5
97;0;1;1;0;5;5;5;5;5;5;5;5;5;5;5;5;2;2;1;2;1;4;2;3;4;3;4;5;4;4;3;3;3;4;3;4;4;4;4;4;4;4;4;4;3;5;5;4;3;5;5;5;5;3;4;4;5;2;4;5;5;5;4;4;4;3;5;5;5;5;5;5;5;5;5
98;1;1;1;0;4;4;4;4;4;4;3;3;3;3;3;3;4;4;4;4;4;4;4;4;4;4;4;4;4;4;4;4;4;4;4;4;4;4;4;4;4;4;4;4;4;4;4;4;4;4;4;4;4;4;4;4;4;4;4;4;4;4;4;4;4;4;4;4;4;4;4;4;4;4;4
99;1;1;1;0;4;4;4;4;4;4;3;3;3;3;3;3;3;3;3;3;3;2;2;2;3;3;3;3;3;3;3;3;3;3;3;3;3;3;3;3;3;3;3;3;3;3;3;3;3;3;3;3;3;3;3;3;3;3;3;3;3;3;3;3;3;3;3;3;3;3;3;3;3;3;3
100;0;1;1;0;3;3;4;3;4;4;3;4;4;4;4;5;2;2;2;2;2;2;5;5;5;3;4;4;3;2;4;4;4;5;3;4;5;4;3;5;5;5;4;4;4;4;4;5;4;5;4;4;4;3;5;4;4;4;4;4;4;4;5;5;5;5;5;5;4;5;3;4;5;5;4
101;0;1;1;0;4;4;4;5;4;5;4;4;3;4;4;4;2;2;2;2;2;3;3;3;3;3;3;3;3;3;3;3;3;3;3;3;4;3;2;2;3;2;3;3;2;2;3;3;2;3;3;3;3;4;4;4;4;4;3;4;4;4;4;4;4;4;4;4;4;4;3;4;4;3;3
102;0;1;1;0;5;5;5;5;5;5;5;5;5;5;5;5;1;1;2;1;1;4;4;4;4;3;3;3;3;3;3;3;3;3;3;3;3;2;3;3;4;4;4;4;4;4;4;4;4;4;4;4;4;4;4;4;4;4;4;4;4;4;4;4;4;4;4;4;4;4;4;4;4;4;4
103;1;1;1;0;5;5;5;5;5;5;1;1;1;1;1;1;4;3;4;5;5;3;3;4;5;5;5;5;5;5;4;4;5;3;5;5;5;3;3;3;3;4;2;4;4;5;5;5;5;5;5;5;5;5;5;5;5;5;5;5;5;5;5;5;5;5;5;5;5;5;5;5;5;5;5
104;1;1;1;0;4;4;4;4;4;4;4;4;4;4;4;4;4;4;4;4;4;4;4;4;4;4;4;4;4;4;4;4;4;4;4;4;4;4;4;4;3;3;3;3;3;3;4;4;4;4;4;4;4;3;3;3;3;3;3;3;3;3;3;3;3;3;3;3;3;3;3;3;3;3;3
105;0;1;1;0;4;4;4;4;4;4;3;4;4;3;3;3;2;3;3;3;3;4;3;3;3;3;3;3;3;3;3;3;3;3;3;3;3;3;3;3;3;3;3;3;3;3;3;3;3;3;3;3;3;3;3;3;3;3;3;2;3;3;3;3;3;3;3;3;3;3;3;3;3;3;3
106;0;1;1;0;4;4;4;4;4;4;3;2;2;2;2;2;4;4;4;4;4;3;4;3;3;4;3;3;4;3;3;4;3;4;3;4;3;3;4;3;3;4;3;4;3;4;3;4;3;4;3;4;3;4;4;4;4;4;4;4;4;4;4;4;4;4;4;4;4;4;4;4;4;4;4
107;1;1;1;0;5;5;5;5;5;5;3;3;3;3;3;3;2;3;3;3;3;4;4;4;3;4;4;4;4;4;4;4;3;3;3;2;3;3;4;3;2;3;4;2;2;2;3;3;2;2;2;3;3;4;4;4;4;4;4;4;4;4;4;4;4;4;4;4;4;4;4;4;4;4;4
108;0;1;1;0;3;3;3;3;4;4;3;3;3;3;3;3;3;3;3;4;3;4;3;3;3;3;3;3;3;3;3;3;3;3;3;3;3;3;3;3;3;3;3;3;3;3;3;3;3;3;3;3;3;3;3;3;3;3;3;3;3;3;3;3;3;3;3;3;3;3;3;3;3;3;3
109;1;1;1;0;5;5;5;3;4;4;2;2;2;3;2;2;4;3;4;4;4;3;4;3;3;2;3;4;4;4;4;4;4;4;4;4;4;3;3;3;4;4;3;4;4;4;4;4;4;4;4;4;4;4;4;4;4;4;4;4;4;4;4;4;4;4;4;4;4;4;5;4;4;4;4
110;0;1;1;0;5;5;5;5;5;5;5;3;3;3;5;5;4;3;2;2;2;5;5;5;5;5;5;5;5;3;5;3;3;5;5;5;5;5;5;5;5;5;5;5;5;5;5;5;5;5;5;5;5;4;4;4;4;4;5;5;5;5;5;5;5;5;5;5;5;5;5;5;5;5;5
111;1;1;1;0;3;4;4;3;4;3;3;3;3;2;2;3;3;3;3;3;3;3;3;3;3;3;4;3;4;3;3;3;2;3;3;3;3;3;3;3;3;3;3;3;3;3;3;3;3;3;3;3;3;3;4;4;3;3;4;3;2;3;5;4;3;4;3;3;3;4;3;4;3;3;4
112;0;1;1;0;3;3;5;3;4;4;3;3;2;2;2;3;2;2;2;2;2;2;2;2;2;2;2;2;3;3;3;2;3;2;3;3;2;2;2;3;3;3;2;4;3;3;4;4;3;3;4;2;2;4;4;3;3;4;3;4;3;4;4;4;3;4;3;4;3;4;4;3;3;4;3
113;1;1;1;0;4;4;4;5;4;4;4;4;4;4;4;4;1;1;2;1;1;4;3;4;4;4;4;4;4;4;4;3;3;4;3;4;3;4;3;4;4;3;5;4;5;5;4;4;4;5;4;5;4;5;5;5;5;5;5;5;4;4;4;5;4;5;3;4;5;4;5;4;4;4;3
114;1;1;1;0;3;4;5;5;5;5;3;3;3;2;3;2;4;4;4;3;3;4;3;4;4;4;3;3;3;4;4;4;4;4;4;4;3;4;4;4;3;4;3;4;3;4;5;4;4;4;4;4;4;4;4;4;4;4;3;4;4;4;4;4;4;4;4;4;4;4;4;4;5;4;5
115;0;1;1;0;4;4;4;4;4;4;5;5;5;5;5;5;2;2;2;2;2;3;3;4;4;4;2;4;3;4;4;4;4;4;3;4;4;2;2;3;3;2;4;3;3;3;4;4;4;3;3;4;4;4;4;4;4;4;4;4;4;4;4;4;4;4;4;4;4;4;4;4;4;4;4
116;1;1;1;0;4;4;4;4;4;4;4;4;4;4;4;4;4;4;4;4;4;4;4;4;4;4;4;4;4;4;4;4;4;4;4;4;4;4;4;4;5;5;5;5;5;5;4;4;4;4;4;4;4;5;5;5;5;5;4;4;4;4;4;4;4;4;4;4;4;4;4;4;4;4;4
117;1;1;1;0;3;5;5;5;4;4;3;3;3;3;3;3;3;3;3;3;3;4;4;4;4;4;4;4;4;4;4;4;4;4;4;4;4;3;3;3;3;3;3;3;3;3;4;4;4;4;4;4;4;3;3;3;3;3;3;3;3;3;3;3;3;3;3;3;5;5;5;5;3;3;3
118;1;1;1;0;3;3;3;4;4;4;2;3;2;2;3;3;2;3;2;2;3;2;3;2;2;3;3;3;3;3;2;2;3;3;2;2;2;2;3;2;3;2;3;2;2;3;3;2;2;3;2;2;3;2;3;3;2;2;2;3;2;3;2;3;3;2;2;3;2;2;2;2;2;3;3
119;1;1;1;0;5;5;5;5;5;5;2;2;2;2;2;2;2;2;2;2;3;2;2;2;2;2;2;2;2;2;2;2;2;2;2;2;2;2;2;2;2;2;2;2;2;2;2;2;2;2;2;2;2;3;3;3;3;3;3;3;3;3;3;3;3;3;3;3;5;4;4;4;4;4;4
120;0;1;1;0;4;5;5;4;4;4;3;3;3;3;4;4;3;3;3;3;3;4;3;4;3;3;4;4;3;2;3;3;3;3;3;3;3;3;3;3;3;3;3;3;3;3;3;3;3;3;3;3;3;3;3;3;3;3;3;3;3;3;3;3;3;3;3;3;3;3;3;3;3;3;3
121;0;1;1;0;5;5;5;5;3;5;4;4;4;4;5;5;2;2;2;2;2;4;4;3;3;4;3;3;3;3;2;2;4;4;3;4;5;3;3;5;2;2;2;2;2;3;4;4;4;4;4;4;4;5;5;5;5;5;5;5;5;5;5;5;5;5;5;5;4;4;5;5;4;4;4
122;1;1;1;0;4;4;4;4;4;4;3;3;3;3;3;3;3;3;3;3;3;3;3;3;3;3;3;3;3;3;3;3;3;3;3;3;3;3;3;3;3;3;3;3;3;3;3;3;3;3;3;3;3;3;3;3;3;3;3;3;3;3;3;3;3;3;3;3;3;3;3;3;3;3;3
123;0;1;1;0;2;2;2;2;3;2;3;2;3;2;2;2;2;3;3;2;3;2;3;3;2;2;2;2;3;2;2;3;2;2;3;3;2;2;2;3;2;2;3;3;3;3;2;3;3;3;3;3;3;2;3;2;3;2;2;3;3;3;3;3;2;3;3;2;2;3;2;2;2;3;3
124;1;1;1;0;5;5;5;5;5;5;5;5;5;5;5;5;2;2;2;2;2;4;4;4;3;3;3;3;3;3;3;3;3;3;3;3;3;3;3;3;3;3;3;3;3;3;3;3;3;3;3;3;3;3;3;3;3;3;3;3;3;3;3;3;3;3;3;3;3;3;3;3;3;3;3
125;0;1;1;0;5;5;5;5;5;5;5;5;5;5;5;5;1;1;1;1;1;1;1;1;1;1;1;1;1;1;1;1;1;1;1;1;1;1;1;1;1;1;1;1;1;1;3;3;3;3;3;3;3;4;4;4;4;4;4;4;4;4;4;4;4;4;4;4;3;3;3;3;3;3;3
126;1;1;1;0;5;5;5;5;5;5;4;3;5;2;3;4;3;2;1;3;3;4;4;4;5;4;3;4;3;3;5;4;4;5;4;5;4;3;3;2;2;3;5;5;4;4;4;4;4;4;4;4;4;3;4;5;5;3;5;5;5;5;4;3;4;4;4;3;4;4;4;4;4;4;4
127;0;1;1;0;5;4;5;4;4;4;3;4;4;3;4;3;5;4;3;2;2;4;2;4;3;2;3;4;3;2;3;3;4;4;3;5;4;3;2;2;2;3;4;1;1;4;4;4;2;5;3;4;5;5;5;4;5;1;5;5;5;5;5;4;5;3;5;3;5;5;4;5;5;5;5
128;0;1;1;0;4;4;4;4;4;4;4;4;4;4;4;4;3;3;3;3;3;4;3;4;4;4;4;4;4;4;4;4;4;4;4;4;4;4;4;4;4;4;4;4;4;4;4;4;4;4;4;4;4;4;4;4;4;4;4;4;4;4;4;4;4;4;4;4;4;4;4;4;4;4;4
129;0;1;1;0;4;4;4;5;5;5;3;4;4;3;3;3;2;2;2;1;2;3;2;4;3;2;3;3;2;3;3;2;3;3;3;2;3;3;3;3;3;3;3;3;3;3;3;4;4;2;4;4;3;5;5;5;5;4;5;4;5;4;4;5;4;5;5;4;4;4;4;4;4;4;4
130;0;1;1;0;4;5;4;5;3;5;3;3;3;3;3;3;3;3;3;3;3;4;4;4;5;3;4;4;3;4;5;5;5;4;4;4;4;4;4;4;3;3;3;3;3;3;4;4;4;3;5;4;5;5;5;5;5;4;5;5;5;5;5;5;5;5;5;5;4;4;4;4;4;4;4
131;0;1;1;0;3;4;5;5;5;4;4;4;4;5;4;4;2;2;2;2;1;5;3;3;3;2;3;4;3;3;4;3;3;4;3;5;4;3;3;4;3;3;3;4;3;3;4;3;3;4;5;4;5;3;3;3;3;4;3;4;4;4;4;4;4;3;4;4;4;4;4;4;5;5;4
132;0;1;1;0;4;4;4;4;2;3;5;4;4;4;5;4;1;1;1;2;1;2;2;2;3;2;2;3;2;2;3;2;3;3;2;3;3;2;2;2;2;3;2;3;3;3;3;2;2;2;2;2;2;3;3;3;4;4;5;5;5;5;5;5;5;5;5;5;3;4;4;4;3;3;3
133;0;1;1;0;4;4;4;3;3;5;4;4;3;5;4;5;3;2;2;3;2;3;4;4;3;3;2;3;3;2;4;3;3;4;3;4;4;4;4;3;3;3;3;3;3;3;3;3;3;3;3;3;3;4;4;4;4;4;3;3;4;3;4;4;4;4;4;4;4;4;4;4;4;4;4
134;0;1;1;0;5;5;5;5;4;5;3;4;3;3;3;4;4;4;4;4;4;4;4;4;4;4;4;4;4;4;4;4;4;4;4;4;4;4;4;4;4;4;4;4;4;4;4;4;4;4;4;4;4;4;4;4;4;4;4;4;4;4;4;4;4;4;4;4;4;4;5;5;5;5;5
135;1;1;1;0;5;5;5;3;4;2;3;3;4;4;2;2;4;3;3;2;4;2;3;5;4;4;3;5;3;3;4;3;3;2;1;1;1;2;2;4;4;3;2;3;4;4;5;5;2;2;4;3;5;4;4;3;3;2;2;2;4;4;4;4;4;5;4;2;3;4;3;5;4;4;4
136;0;1;1;0;4;4;5;4;5;4;3;3;4;4;4;3;3;3;2;2;2;4;4;4;4;2;4;3;2;3;3;2;2;2;3;4;2;2;2;3;4;4;3;4;4;4;3;2;3;3;4;2;2;4;4;4;3;3;4;4;4;4;4;4;4;4;5;4;4;4;4;4;4;4;4
137;1;1;1;0;4;5;3;5;5;5;4;2;3;4;3;3;4;2;2;4;2;4;4;4;3;3;4;4;4;4;4;4;4;4;4;4;4;2;4;4;4;4;3;4;4;4;4;4;4;4;4;4;4;4;4;4;4;4;4;4;4;4;4;5;4;4;5;4;4;4;4;4;4;4;4
138;0;1;1;0;5;5;4;4;4;5;5;4;5;4;5;4;1;1;2;2;1;3;4;5;3;3;5;3;3;2;3;3;4;2;2;2;3;1;1;1;4;3;2;2;2;5;4;4;4;3;3;3;1;3;3;3;3;3;3;3;3;3;3;3;3;3;3;3;3;3;3;3;3;3;3
139;1;1;1;0;5;4;5;3;3;4;4;4;4;5;5;5;2;3;1;1;1;3;4;5;2;4;5;4;4;5;5;3;3;4;3;3;1;5;4;5;3;3;3;3;3;3;3;5;4;5;5;4;4;4;4;5;5;5;3;3;5;4;5;4;4;5;4;4;5;5;5;5;3;3;3
140;1;1;1;0;4;4;4;4;4;4;4;3;3;3;3;3;3;2;2;2;2;3;3;3;3;3;3;3;3;3;3;3;3;3;3;3;3;2;2;2;2;2;3;3;3;3;3;3;3;3;3;3;3;3;3;3;3;3;3;3;3;3;3;3;3;3;3;3;4;4;4;4;3;3;3
141;0;1;1;0;4;4;5;5;5;4;3;3;4;4;3;4;3;3;4;5;5;3;4;5;5;4;3;5;2;3;4;3;4;4;3;5;4;2;3;5;2;5;2;4;3;4;4;2;4;5;4;4;5;4;4;3;3;4;5;4;4;4;4;4;3;4;4;4;5;5;4;5;5;4;5
142;0;1;1;0;4;4;4;3;4;4;4;4;4;5;5;5;2;2;1;2;1;3;3;3;3;3;3;4;2;2;3;3;3;2;3;3;2;2;2;4;4;4;4;4;4;4;4;3;4;4;4;4;2;4;4;4;4;4;4;4;4;4;4;4;4;4;4;4;3;4;3;4;4;4;3
143;0;1;1;0;4;4;4;4;4;4;4;4;4;3;4;4;3;3;3;3;3;4;4;4;4;3;3;4;3;3;4;4;4;4;3;3;4;4;3;3;5;5;5;5;5;5;4;4;4;4;4;4;4;4;4;4;4;4;4;4;4;4;4;4;4;5;5;4;4;4;4;4;4;4;4
144;0;1;1;0;5;5;5;5;5;5;3;3;3;3;3;3;3;3;3;3;3;3;3;3;3;3;3;3;3;3;3;3;3;3;3;3;3;3;3;3;3;3;3;3;3;3;3;3;3;3;3;3;3;4;4;4;4;4;4;4;4;4;4;4;4;4;4;4;4;4;4;4;4;4;4
145;0;1;1;0;3;2;4;2;3;3;4;4;4;4;4;4;1;1;1;1;1;2;2;2;2;2;2;2;2;2;1;1;1;1;1;1;1;1;1;1;1;1;1;1;1;1;1;1;1;1;1;1;1;3;3;3;3;3;3;3;3;3;3;3;3;3;3;3;3;3;3;3;3;3;3
146;0;1;1;0;2;3;4;4;2;2;4;4;4;5;4;4;2;2;2;2;2;3;2;2;3;2;2;2;3;2;3;4;4;3;3;2;2;3;2;4;2;2;3;2;3;2;3;2;2;2;2;2;2;2;2;3;3;2;2;3;3;3;2;3;4;4;4;3;3;3;3;3;3;3;3
147;1;1;1;0;4;3;3;3;3;3;4;3;4;3;4;3;3;3;3;3;3;3;3;2;2;3;2;2;3;2;3;3;3;3;2;3;2;2;2;2;2;2;2;2;2;2;3;3;3;3;3;3;2;3;3;2;2;3;3;2;3;2;3;2;2;3;3;2;3;3;4;3;4;3;3
148;0;1;1;0;3;4;5;4;5;5;5;4;5;5;5;5;2;2;2;2;2;3;3;4;3;3;2;3;2;2;2;2;2;3;2;3;2;2;2;3;2;4;2;2;2;3;4;3;2;2;3;2;2;4;4;4;5;3;4;4;4;4;4;4;4;4;3;4;4;4;3;4;3;3;3
149;1;1;1;0;4;4;4;4;4;4;3;3;3;3;3;3;3;3;3;3;3;3;3;3;3;3;3;3;3;3;3;3;3;3;3;3;3;3;3;3;3;3;3;3;3;3;3;3;3;3;3;3;3;4;4;4;4;4;4;4;4;4;3;3;3;3;3;3;3;3;3;3;3;3;3
150;1;1;1;0;5;5;4;4;4;3;4;3;4;5;3;3;4;3;3;4;3;4;3;4;4;5;4;5;4;4;4;5;4;4;4;3;4;3;2;3;4;4;4;3;3;3;5;5;4;4;5;4;5;5;5;5;5;5;4;4;5;5;5;5;5;4;5;3;5;5;5;5;5;5;5
151;0;1;1;0;5;5;5;5;5;5;4;4;3;4;4;3;2;2;2;2;2;3;3;3;3;3;3;3;3;3;3;3;3;3;3;3;3;3;3;3;3;3;3;3;3;3;3;3;3;3;3;3;3;4;4;4;4;4;3;3;3;3;3;3;3;3;3;3;3;3;3;3;3;3;3
152;0;1;1;0;5;4;5;5;2;4;3;3;2;3;3;3;2;2;3;1;1;3;4;4;5;4;4;4;4;3;3;3;4;5;4;5;4;3;3;4;5;4;4;5;4;5;4;5;4;4;4;4;3;4;4;4;5;2;3;4;5;5;5;4;4;3;5;4;4;4;4;3;5;4;5
153;0;1;1;0;4;4;4;4;4;4;5;5;5;5;5;5;5;5;5;5;5;3;3;4;5;4;5;5;4;3;5;5;5;4;5;5;5;4;3;5;5;2;2;5;5;5;5;5;5;5;5;5;5;5;5;5;5;5;4;4;4;4;5;5;5;5;5;5;4;4;4;4;4;4;4
154;0;1;1;0;4;4;5;4;4;4;3;3;4;3;4;4;2;2;2;2;2;3;4;5;3;2;3;2;3;3;3;3;3;3;3;3;3;3;3;3;4;4;3;4;4;4;3;4;4;3;4;3;4;4;4;4;4;4;3;4;4;4;5;4;5;5;5;4;4;4;4;4;5;4;5
155;1;1;1;0;3;4;4;4;4;4;3;3;3;3;3;3;3;3;3;3;3;3;3;3;3;3;3;3;3;3;3;3;3;3;3;3;3;3;3;3;3;3;3;3;3;3;3;3;3;3;3;3;3;4;4;4;4;4;4;4;4;4;4;4;4;4;4;4;4;4;4;4;4;4;4
156;1;1;1;0;4;4;4;4;4;4;5;5;5;5;5;5;1;1;1;1;1;1;1;1;1;1;1;1;1;1;1;1;1;1;1;1;1;1;1;1;1;1;1;1;1;1;1;1;1;1;1;1;1;4;4;4;4;4;4;4;4;4;4;4;4;4;4;4;3;3;3;3;3;3;3
157;0;1;1;0;2;4;4;4;2;4;4;4;4;4;4;4;3;2;1;1;1;2;3;1;4;1;4;4;4;4;4;4;4;4;4;4;4;4;4;4;4;4;4;4;4;4;4;4;4;4;4;4;4;4;3;4;5;2;4;5;3;4;5;3;4;3;3;4;3;4;4;3;4;5;3
158;0;1;1;0;3;3;3;3;3;3;4;4;4;4;4;4;3;3;3;3;2;3;3;3;3;3;3;3;3;3;3;3;3;4;3;3;3;3;3;3;3;3;3;3;3;4;3;3;3;3;3;3;3;5;5;5;5;4;5;5;5;5;5;5;5;4;5;5;4;3;4;4;4;4;4
159;0;1;1;0;1;1;1;1;1;1;2;2;1;2;1;2;2;2;3;2;2;3;3;3;2;2;3;2;3;2;2;3;4;4;4;4;4;3;4;4;4;3;3;4;3;3;3;3;3;4;3;4;3;4;4;4;4;4;4;4;4;4;4;4;4;4;4;4;4;4;4;4;4;4;4
160;1;1;1;0;5;5;5;5;5;5;5;5;5;5;5;5;5;5;5;5;5;5;5;5;5;5;5;5;5;5;5;5;5;5;5;5;5;5;5;5;4;4;4;4;4;4;4;4;4;4;4;4;4;5;5;5;5;5;5;5;5;5;5;5;5;5;5;5;5;5;5;5;5;5;5
161;1;1;1;0;5;5;5;5;5;5;4;5;3;5;5;3;5;3;5;3;5;3;3;4;3;4;4;3;4;4;3;4;3;3;5;5;3;3;5;3;3;5;3;5;3;5;3;3;5;3;5;3;3;3;3;3;3;3;3;3;3;3;3;4;3;4;3;4;5;3;5;3;3;4;3
162;1;1;1;0;4;4;4;4;4;4;3;3;3;3;3;3;3;3;3;3;3;3;3;3;3;3;3;3;2;3;2;3;2;3;3;3;2;3;3;3;3;3;2;3;3;3;3;3;3;3;3;3;3;3;3;3;3;3;3;3;3;3;3;3;3;3;3;3;3;3;3;3;3;3;3
163;0;1;1;0;4;4;4;4;4;4;3;3;3;3;3;3;3;3;3;3;3;3;3;3;3;3;3;3;3;3;3;3;3;3;3;3;3;3;3;3;3;3;3;3;3;3;3;3;3;3;3;3;3;4;4;4;4;4;4;4;4;4;4;4;4;4;4;4;4;4;4;4;4;4;4
164;1;1;1;0;4;3;4;2;3;2;3;2;3;2;3;4;3;2;2;4;4;4;4;3;3;3;2;3;2;2;4;4;4;5;4;4;5;4;3;3;3;4;5;5;4;5;3;4;3;4;3;4;5;3;4;5;5;4;4;5;5;5;4;3;4;4;4;4;4;4;4;4;4;4;4
165;1;1;1;0;5;5;5;5;5;5;5;5;5;5;5;5;5;5;5;5;5;5;5;5;5;5;5;5;5;5;5;5;5;5;5;5;5;5;5;5;4;4;4;4;4;4;5;5;5;5;5;5;5;5;5;5;5;5;5;5;5;5;5;5;5;5;5;5;5;5;5;5;5;5;5
166;1;1;1;0;5;5;5;5;5;5;3;4;3;4;4;3;3;3;3;3;3;3;4;3;3;3;4;3;3;3;3;4;3;4;3;4;3;3;3;3;2;3;3;3;3;3;3;3;2;3;4;3;3;3;4;4;4;3;4;3;4;4;3;2;3;2;2;3;3;3;4;3;4;4;4
167;1;1;1;0;5;5;5;5;5;5;1;3;3;4;3;3;5;5;5;5;5;5;5;5;5;5;5;5;5;5;5;5;5;5;5;5;5;5;5;5;4;4;4;4;4;4;5;5;5;5;5;5;5;5;5;5;5;5;5;5;5;5;5;5;5;5;5;5;5;5;5;5;5;5;5
168;1;1;1;0;4;4;4;4;4;4;4;4;4;4;4;4;4;4;4;4;4;4;4;4;4;4;4;4;4;5;4;4;4;4;4;4;4;4;4;4;3;3;3;3;3;3;4;4;4;4;4;4;4;4;4;4;4;4;4;4;4;4;4;4;4;4;4;4;4;4;4;4;4;4;4
169;0;1;1;0;5;5;5;5;5;5;1;1;1;1;1;1;1;1;1;1;1;3;3;3;3;3;3;3;3;3;3;3;3;3;3;3;3;3;3;3;3;3;3;3;3;3;3;3;3;3;3;3;3;4;4;4;4;4;4;4;4;4;4;4;4;4;4;4;4;4;4;4;4;4;4
170;0;1;1;0;1;1;1;1;1;1;4;4;4;3;3;3;3;3;3;3;3;2;2;3;2;2;3;2;3;2;2;3;3;3;3;3;3;3;3;3;3;2;3;3;3;3;3;2;2;3;2;3;3;3;3;2;2;3;2;2;3;4;2;2;4;2;4;2;4;2;2;4;4;2;3
171;0;1;1;0;5;5;5;5;5;5;1;1;1;1;1;1;5;5;5;5;5;5;5;5;5;5;5;5;5;5;5;5;5;5;5;5;5;5;5;5;5;5;5;5;5;5;5;5;5;5;5;5;5;5;5;5;5;5;5;5;5;5;5;5;5;5;5;5;5;5;5;5;5;5;5
172;1;1;1;0;4;4;4;4;4;4;4;4;4;4;4;4;4;4;4;4;4;4;4;4;4;4;4;4;4;4;4;4;4;4;4;4;4;4;4;4;4;4;4;4;4;4;4;4;4;4;3;4;1;4;1;4;1;4;2;4;2;1;4;1;3;1;4;1;4;2;3;2;3;2;3
173;0;1;1;0;4;4;4;4;4;4;4;4;4;4;4;4;4;4;4;4;4;3;3;3;3;3;3;3;3;3;2;2;3;3;2;3;2;3;2;2;3;3;3;3;3;3;3;3;3;3;3;3;3;3;3;3;3;3;3;3;3;3;3;3;3;3;3;3;3;3;3;3;3;3;3
174;0;1;1;0;5;5;5;5;5;5;3;3;3;3;3;3;2;2;2;2;2;4;4;4;4;4;4;4;4;4;4;5;5;4;4;3;3;5;5;5;5;5;5;5;5;5;5;5;5;5;5;5;5;3;4;3;4;4;3;3;4;4;4;3;3;3;3;3;3;5;5;5;4;4;4
175;1;1;1;0;4;4;4;4;4;4;3;3;3;3;3;3;3;3;3;3;3;3;3;3;3;3;3;3;3;3;3;3;4;3;3;3;3;3;3;3;3;3;3;3;3;3;3;3;3;3;3;3;3;4;4;4;4;4;4;4;4;4;4;4;4;4;4;4;4;4;4;4;3;4;4
176;1;1;1;0;5;5;5;5;5;5;5;5;5;5;5;5;5;5;5;5;5;4;4;4;4;5;5;5;4;3;3;3;3;4;4;4;5;5;5;4;4;4;3;3;3;4;4;5;4;4;4;4;4;3;4;4;3;4;3;3;3;4;5;4;3;3;5;5;4;4;4;3;5;5;5
177;1;1;1;0;5;5;5;5;5;5;3;3;3;3;3;3;3;3;3;3;3;3;3;3;3;3;3;3;3;3;3;3;3;3;3;3;3;3;3;3;3;3;3;3;3;3;3;3;3;3;3;3;3;4;4;4;4;4;4;4;4;4;4;4;4;4;4;4;5;5;5;5;5;5;5
178;1;1;1;0;4;4;4;4;4;4;2;2;2;2;2;2;3;3;3;3;3;3;3;3;3;3;3;3;3;3;3;3;3;3;3;3;3;3;3;3;3;3;3;3;3;3;3;3;3;3;3;3;3;4;4;4;4;4;3;3;3;3;3;3;3;3;3;3;4;4;4;4;4;4;4
179;0;1;1;0;5;5;5;5;5;5;4;2;4;5;4;4;3;2;4;2;1;3;3;3;3;2;3;1;3;4;2;3;4;1;2;5;4;1;2;3;2;3;3;3;3;3;3;3;3;3;3;3;3;3;3;4;4;4;4;4;4;5;5;2;2;4;4;4;5;5;1;3;3;3;3
180;1;1;1;0;5;5;5;5;5;5;3;3;3;3;3;3;4;4;4;4;4;4;4;4;4;4;4;3;3;3;3;3;3;3;3;3;3;3;3;3;4;4;4;4;4;4;4;3;4;4;3;3;4;4;4;3;4;4;5;4;3;4;4;5;3;4;5;3;3;5;4;5;3;4;2
181;1;1;1;0;5;5;5;5;5;5;2;2;2;2;2;2;4;4;4;4;4;4;4;4;4;4;4;4;4;4;4;4;4;4;4;4;4;4;4;4;4;4;4;4;4;4;4;4;4;4;4;4;4;4;4;4;4;4;4;4;4;4;4;4;4;4;4;4;4;4;4;4;4;4;4
182;1;0;0;0;;;;;;;1;1;1;1;1;1;3;3;3;3;3;3;3;3;3;3;3;3;3;3;3;3;3;3;3;3;3;3;3;3;3;3;3;3;3;3;3;3;3;3;3;3;3;3;3;3;3;3;3;3;3;3;3;3;3;3;3;3;3;3;3;3;3;3;3
183;1;1;1;0;3;3;3;3;3;3;3;3;3;3;3;3;3;3;3;3;3;3;3;3;3;3;3;3;3;3;3;3;3;3;3;3;3;3;3;3;3;3;3;3;3;3;3;3;3;3;3;3;3;3;3;3;3;3;3;3;3;3;3;3;3;3;3;3;1;4;3;2;4;2;3
184;0;1;1;0;4;3;4;4;5;4;4;4;5;5;3;3;2;4;4;2;5;5;4;5;3;4;4;5;5;4;3;5;3;4;4;5;5;5;4;5;5;4;5;4;5;5;5;4;3;4;5;5;4;5;4;5;5;4;5;5;3;5;5;4;5;5;4;4;3;4;5;3;4;5;3
185;1;1;1;0;3;3;3;2;3;3;2;2;2;2;2;2;3;3;3;3;3;3;3;3;3;3;3;3;3;3;3;3;3;3;3;2;3;4;3;4;3;3;3;4;4;3;3;4;3;3;3;3;3;3;3;3;3;3;3;3;4;3;3;3;4;3;3;3;3;3;4;3;4;4;3
186;0;1;1;0;4;4;4;4;4;4;3;3;3;3;3;3;3;3;2;3;3;4;4;4;4;5;3;4;4;4;3;3;3;5;4;4;4;4;4;4;3;3;3;3;3;3;3;3;3;3;3;3;3;4;3;4;4;3;4;4;3;3;4;4;3;3;4;3;4;3;3;4;4;4;4
187;1;1;1;0;4;5;4;5;4;5;3;3;3;3;3;3;4;4;4;4;4;4;3;4;4;4;4;4;3;4;3;3;4;4;4;4;4;4;4;4;4;4;4;4;4;3;3;4;4;4;4;4;3;4;4;4;4;4;3;3;4;4;4;4;4;4;4;4;3;4;4;4;4;5;5
188;1;1;1;0;4;4;4;4;4;4;3;4;3;4;3;4;4;4;4;4;4;5;5;5;5;5;5;5;5;5;5;5;5;4;4;4;4;4;4;4;4;4;4;4;4;4;5;5;5;5;5;5;5;4;4;4;4;4;4;4;4;4;4;4;4;4;4;4;4;4;4;4;4;4;4
189;0;1;1;0;5;5;5;5;5;5;5;4;4;4;5;5;4;4;4;4;4;5;5;5;3;4;4;5;5;4;4;4;4;5;5;4;4;4;4;4;5;5;5;4;4;4;4;4;4;5;4;4;4;4;4;4;4;4;4;4;4;4;4;4;4;4;4;4;4;4;4;4;4;4;4
190;1;1;1;0;5;5;5;5;5;5;4;5;5;5;5;5;5;5;5;5;5;5;5;5;4;4;5;5;5;5;4;4;5;5;4;5;5;4;4;4;4;5;5;5;5;5;5;5;5;5;5;5;4;5;5;5;5;5;5;5;4;5;3;4;4;4;4;4;5;5;5;5;5;5;5
191;0;1;1;0;5;5;5;5;5;5;3;3;3;3;3;3;3;3;3;3;3;4;4;4;4;4;4;5;5;5;4;4;4;4;4;4;4;4;4;4;4;4;4;4;4;4;4;4;4;4;4;4;4;4;4;4;4;4;4;4;4;4;4;4;4;4;4;4;4;4;4;4;4;4;4
192;0;1;1;0;4;4;4;4;4;4;3;3;3;3;3;3;3;3;3;3;3;3;4;3;3;3;3;3;3;3;3;3;3;3;3;3;3;3;3;3;3;3;3;3;3;3;3;3;3;3;3;3;3;4;4;4;4;4;4;4;4;4;4;4;2;2;4;2;3;3;3;3;3;3;3
193;1;1;1;0;5;4;4;4;4;4;2;2;2;2;2;2;4;4;4;4;4;4;4;4;4;4;4;4;4;4;4;4;4;4;4;4;4;4;4;4;4;4;4;4;4;4;4;4;4;4;4;4;4;4;4;4;4;4;4;4;4;4;4;4;4;4;4;4;4;4;4;4;4;4;4
194;0;1;1;0;5;4;3;2;4;4;3;4;2;3;3;3;2;2;4;2;3;2;4;4;2;2;2;3;3;3;3;2;3;4;4;4;3;3;4;4;3;2;4;3;4;4;3;4;2;4;2;4;2;4;4;3;4;3;4;4;3;3;3;4;3;4;4;5;5;4;4;4;4;5;4
195;1;1;1;0;1;1;1;1;1;1;1;1;1;1;1;1;4;4;4;4;4;4;4;4;4;4;4;4;4;4;4;4;4;4;4;4;4;4;4;4;4;4;4;4;4;4;4;4;4;4;4;4;4;4;4;4;4;4;4;4;4;4;4;4;4;4;4;4;3;3;3;3;3;3;3
196;0;1;1;0;4;4;4;4;4;4;4;4;4;4;4;4;2;2;2;2;2;3;2;3;2;3;3;3;2;3;3;2;3;3;3;3;3;3;3;3;3;3;2;2;3;3;3;3;3;2;3;3;2;4;4;4;4;4;4;4;4;4;4;4;4;4;4;4;4;4;4;4;4;4;4
197;0;1;1;0;5;5;5;5;5;5;4;4;3;3;2;3;3;3;3;3;3;2;2;2;2;2;2;2;2;2;2;2;2;2;2;2;2;2;2;2;2;2;2;2;2;2;2;2;2;2;2;2;2;3;3;3;3;3;3;3;3;3;3;3;3;3;3;3;3;3;4;4;4;4;3
198;1;1;1;0;4;4;4;4;3;3;3;3;3;3;3;3;2;2;2;2;2;3;3;3;3;3;3;3;3;3;3;3;3;3;3;3;3;3;3;3;3;3;3;3;3;3;3;3;3;3;3;3;3;3;3;3;3;3;3;3;3;3;3;3;3;3;3;3;3;3;3;3;3;3;3
199;1;1;1;0;4;4;4;4;4;4;3;3;3;3;3;3;3;3;3;3;3;3;3;3;3;3;3;3;3;3;3;3;3;3;3;3;3;3;3;3;3;3;3;3;3;3;3;4;3;3;3;3;3;3;3;3;3;3;3;3;3;3;3;3;3;3;3;3;3;3;3;3;3;3;3
200;0;1;1;0;3;3;3;3;3;3;3;3;3;3;3;3;2;2;2;2;2;2;2;2;2;2;2;2;2;2;2;2;2;2;2;2;2;2;2;2;2;2;2;2;2;2;2;2;2;2;2;2;2;3;3;3;3;3;3;3;2;3;3;2;4;2;1;4;2;1;3;2;4;2;4
201;1;1;1;0;4;4;4;4;4;4;2;2;4;2;4;3;3;3;3;2;3;3;4;4;3;4;3;4;3;3;4;4;3;3;4;3;4;4;3;4;3;3;4;4;3;3;3;3;4;4;4;3;4;3;2;3;3;2;2;3;3;3;2;2;3;3;4;4;2;3;3;2;2;3;2
202;1;1;1;0;4;4;4;4;4;4;2;2;2;3;3;3;4;4;4;4;4;3;4;4;4;4;4;4;4;4;3;3;4;4;4;4;4;3;3;1;4;4;3;4;4;4;4;4;4;4;4;4;4;4;4;4;4;4;4;4;4;4;4;4;4;4;4;4;5;4;4;5;4;4;4
203;0;1;1;0;4;4;4;4;4;4;4;4;4;4;4;4;2;2;1;3;1;3;3;3;3;1;3;1;1;2;2;3;3;2;3;2;1;2;4;2;1;4;1;3;1;2;3;1;1;4;2;2;2;4;4;1;1;1;1;1;4;1;1;1;2;2;2;2;1;3;3;4;1;1;2
204;0;1;1;0;4;4;4;4;4;4;3;3;3;3;3;3;3;3;3;3;3;3;3;3;3;3;3;3;3;3;3;3;3;3;3;3;3;3;3;3;3;3;3;3;3;3;3;3;3;3;3;3;4;1;4;3;4;3;3;2;3;3;2;3;3;3;3;3;3;4;1;3;1;3;2
205;0;1;1;0;5;5;5;5;5;5;3;3;3;3;3;3;2;2;2;2;2;3;3;3;3;3;3;3;3;3;3;3;3;3;3;3;3;3;3;3;3;3;3;3;3;3;3;3;3;3;3;3;3;4;4;4;4;4;4;4;4;4;4;4;4;4;4;4;4;4;4;4;4;4;4
206;0;1;1;0;1;1;1;1;1;1;4;4;4;2;4;2;2;2;4;4;4;3;4;4;4;4;4;4;4;4;4;4;4;4;4;4;4;4;4;4;4;4;4;4;4;4;4;4;4;4;4;4;4;4;4;4;4;4;4;4;4;4;4;4;4;4;4;4;4;4;4;4;4;4;4
207;1;1;1;0;5;5;5;5;5;5;3;3;3;3;3;3;3;3;3;3;3;3;3;3;3;3;3;3;3;3;3;3;3;3;3;3;3;3;3;3;3;3;3;3;3;3;3;3;3;3;3;3;3;4;4;4;4;4;4;4;4;4;4;4;4;4;4;4;4;3;4;1;5;3;3
208;1;1;1;0;4;4;4;4;4;4;3;3;3;3;3;3;3;3;3;3;3;3;3;3;3;3;3;3;3;3;3;3;3;3;3;3;3;3;3;3;3;3;3;3;3;3;4;4;4;4;4;4;4;4;4;4;4;4;4;4;4;4;4;4;4;4;4;4;4;4;4;4;4;4;4
209;0;1;1;0;3;2;4;3;3;3;4;5;5;4;4;3;2;3;3;2;4;4;5;3;4;3;4;3;4;4;3;4;4;5;4;3;4;3;4;3;4;4;4;3;3;4;5;5;4;4;4;5;4;4;5;4;5;4;4;4;4;3;4;4;4;4;5;5;5;4;5;5;4;4;4
210;1;1;1;0;1;1;1;1;1;1;4;4;4;3;4;3;3;3;3;3;3;4;3;4;4;4;4;3;4;3;3;3;3;3;4;4;4;3;3;3;3;3;4;3;4;3;3;4;4;3;4;4;3;5;5;5;4;4;5;5;4;4;4;5;5;4;2;5;5;5;4;5;4;5;5
211;0;1;1;0;5;5;5;5;5;5;2;2;2;2;2;2;3;3;3;3;3;4;4;4;4;4;4;4;4;4;4;4;4;4;4;4;4;4;4;4;4;5;4;5;4;5;3;3;3;5;2;1;5;2;3;3;5;3;5;4;2;4;3;5;3;4;4;3;3;3;1;5;3;4;3
212;1;1;1;0;4;4;4;4;4;4;4;4;4;4;4;4;4;4;4;4;4;2;3;2;3;3;3;3;3;3;3;3;3;3;3;3;3;3;3;3;3;3;1;2;3;2;2;4;1;5;3;2;5;5;2;4;2;2;4;4;2;2;1;5;2;2;4;2;3;3;4;4;2;4;3
213;1;1;1;0;5;4;5;4;4;4;3;3;3;3;3;3;4;4;4;4;4;4;4;4;4;4;4;4;4;4;5;5;5;4;4;4;4;4;4;4;4;4;4;4;5;5;5;4;5;4;5;4;5;4;4;5;4;5;3;4;3;5;3;4;5;3;5;4;4;4;5;4;4;5;4
214;1;1;1;0;4;4;4;4;4;4;3;3;3;3;3;3;3;3;3;3;3;3;3;3;3;3;3;4;4;4;4;4;4;4;4;4;4;3;3;3;3;3;3;3;3;3;3;3;3;3;3;3;3;4;4;4;4;4;3;3;3;3;4;4;4;4;4;4;4;4;4;4;3;3;3
215;0;1;1;0;4;4;4;4;4;4;3;3;4;4;4;4;4;4;4;4;4;5;4;4;4;4;4;4;4;4;4;4;4;4;4;4;4;4;4;4;4;4;4;4;4;4;5;5;4;4;4;4;4;5;4;3;4;5;4;3;3;3;3;4;4;4;4;4;4;4;5;4;4;4;4
216;0;1;1;0;5;3;4;3;3;4;4;4;4;4;4;4;2;2;2;2;2;3;3;4;3;3;3;3;3;3;3;3;3;3;3;3;3;3;3;3;4;4;3;4;3;4;4;3;4;4;4;3;3;4;3;4;4;3;4;5;4;3;4;4;3;3;4;4;4;3;3;3;4;3;4
217;1;1;1;0;3;3;3;4;3;4;3;3;3;3;3;3;4;3;3;3;3;3;3;3;4;3;3;3;2;2;3;3;3;3;3;3;3;3;3;3;3;2;3;2;3;3;3;2;3;3;3;3;4;4;3;3;2;3;3;4;4;3;3;3;2;3;3;4;4;3;3;4;2;4;3
218;0;1;1;0;1;5;1;3;3;3;5;5;5;3;2;1;1;2;2;3;3;1;2;1;1;5;1;1;1;2;3;1;1;3;5;5;5;5;1;3;4;1;2;1;2;2;1;3;3;1;1;1;1;1;1;2;1;1;1;1;1;5;1;1;3;1;2;1;3;2;1;1;1;1;2
219;0;1;1;0;3;3;3;3;3;3;3;3;2;3;2;2;3;3;3;2;3;3;3;2;3;4;3;3;4;3;3;2;3;3;2;3;4;3;3;4;2;3;2;3;3;4;3;2;2;3;3;4;3;3;3;4;3;2;3;3;4;3;3;4;2;3;2;3;3;4;3;2;3;2;2
220;1;1;1;0;5;5;5;5;5;5;3;3;3;4;3;3;2;2;3;3;3;4;4;3;3;3;3;3;4;4;4;4;4;4;4;4;4;4;4;4;4;4;3;4;4;4;3;3;4;4;3;4;4;4;4;4;4;3;5;5;4;4;4;3;3;3;3;3;5;5;4;4;4;4;4
221;0;1;1;0;4;4;4;4;4;4;3;3;3;3;3;3;3;3;3;3;3;3;3;3;3;3;3;3;3;3;4;4;4;4;4;4;4;4;4;4;3;4;3;4;3;4;3;4;3;3;4;4;4;4;3;4;4;3;3;3;4;4;3;4;3;4;3;3;3;3;3;3;3;3;3
222;1;1;1;0;4;4;4;2;4;3;4;4;4;3;2;2;3;3;2;3;3;3;2;4;2;2;2;3;2;2;3;3;2;3;2;3;4;3;2;4;3;2;3;1;3;2;3;2;4;2;3;4;3;4;3;4;2;4;3;2;3;4;4;4;3;2;3;3;3;4;3;4;2;4;3
223;0;1;1;0;5;5;5;5;5;5;3;3;3;3;3;3;3;3;3;3;3;3;4;3;3;4;3;4;3;3;3;3;3;4;4;3;4;4;3;4;4;4;4;4;3;5;3;4;3;4;3;4;3;4;4;3;4;4;4;4;3;4;4;3;4;3;3;4;4;5;5;4;5;5;5
224;1;1;1;0;5;5;5;5;5;5;3;3;3;3;3;3;3;3;3;3;3;3;4;4;3;4;2;4;2;3;4;3;3;3;4;3;3;3;4;4;5;4;4;5;3;5;3;2;4;3;4;4;3;3;3;4;4;3;3;4;3;3;4;4;4;3;4;3;5;5;4;5;4;4;5
225;1;1;1;0;4;3;4;2;4;3;3;4;4;4;3;3;4;2;3;3;2;4;3;3;2;3;3;4;4;2;4;3;2;3;3;4;4;2;2;4;2;2;3;3;3;3;4;4;4;4;4;3;3;3;4;2;2;4;2;2;3;3;4;4;2;2;3;3;4;4;4;3;3;3;3
226;0;1;1;0;5;4;5;5;5;3;3;3;3;4;3;3;2;3;3;3;3;3;2;3;3;4;4;4;2;1;3;3;3;4;4;4;3;3;2;3;3;3;3;3;3;3;3;3;3;3;3;3;3;4;4;4;4;4;5;5;4;4;4;4;4;4;4;4;4;4;4;4;4;4;4
227;0;1;1;0;5;4;4;4;4;5;3;3;4;3;3;3;4;3;5;4;4;4;4;4;4;4;4;4;4;4;4;3;5;3;5;4;4;4;3;4;3;3;4;3;3;4;4;5;4;3;5;3;4;5;4;5;4;5;4;5;4;5;4;5;4;3;4;3;4;5;4;5;4;5;4
228;0;1;1;0;4;4;5;4;5;3;3;3;2;2;3;3;4;3;4;4;4;4;4;4;4;3;4;4;3;4;4;4;3;3;4;3;5;3;3;4;4;3;4;3;4;4;3;4;5;4;3;4;5;4;3;5;5;4;4;4;4;5;5;3;4;5;4;4;4;3;5;3;3;4;4
229;1;1;1;0;4;4;4;4;4;4;3;2;3;3;2;3;3;3;3;3;3;5;4;4;4;4;4;4;3;4;4;4;3;3;4;4;4;3;2;3;3;3;2;3;3;2;4;4;3;3;3;4;3;3;4;2;4;3;3;4;4;3;3;4;4;3;3;4;4;3;4;4;3;4;4
230;1;1;1;0;3;3;4;3;5;5;4;3;4;4;4;4;3;3;3;3;3;4;4;4;4;4;4;4;4;4;4;3;4;4;3;4;3;4;4;3;3;3;4;4;4;4;3;3;3;3;3;4;3;4;4;4;4;4;4;4;4;4;4;4;4;4;4;4;4;4;4;4;3;3;3
231;0;1;1;0;5;4;5;5;5;4;5;5;4;3;4;3;4;4;3;3;3;4;4;4;4;4;5;5;4;2;5;3;4;4;3;4;5;3;4;4;4;5;5;5;3;4;4;4;4;3;4;4;5;4;3;4;5;4;3;4;4;3;4;5;4;5;5;4;4;5;4;5;4;4;4
232;0;1;1;0;3;4;5;2;3;4;4;4;4;3;4;4;2;2;1;1;2;3;2;2;3;2;2;2;3;1;2;3;2;2;3;2;3;3;1;3;1;3;1;3;1;3;1;3;1;3;1;2;2;1;3;1;2;2;2;3;4;2;4;4;2;3;2;4;4;4;3;3;3;3;2
233;0;1;1;0;4;4;4;4;4;4;4;4;4;4;4;4;3;3;2;2;2;3;3;3;3;2;3;3;3;2;3;3;2;3;2;2;3;3;4;4;4;3;3;2;3;3;4;3;3;4;3;2;2;3;3;3;4;3;3;3;4;4;4;4;3;4;3;3;3;3;3;3;4;4;4
234;1;1;1;0;4;3;4;2;4;3;2;4;3;1;1;1;2;3;1;2;3;3;2;2;2;1;2;2;3;2;3;2;2;2;3;2;2;3;3;3;3;2;3;2;2;3;3;2;3;2;3;2;3;3;4;3;4;4;3;3;3;4;3;4;3;3;3;4;4;3;3;4;3;3;4
235;1;1;1;0;4;4;4;4;4;4;4;4;4;4;4;4;2;1;2;2;2;2;2;2;2;2;2;2;2;2;2;2;2;2;2;2;2;2;2;2;2;2;2;2;2;2;2;2;2;2;2;2;2;2;3;4;3;4;3;4;4;3;3;4;4;3;2;4;4;3;4;4;3;3;2
236;1;1;1;0;5;3;4;2;3;3;3;3;3;3;4;5;3;3;3;3;3;3;2;1;3;1;2;2;1;1;3;1;3;4;4;3;3;3;2;1;3;3;2;4;4;4;3;4;2;1;4;4;3;4;4;3;4;4;4;3;4;3;3;3;3;2;4;2;4;4;4;4;3;3;3
237;0;1;1;0;1;1;1;1;1;1;3;3;3;3;3;3;3;3;3;3;3;3;3;3;3;3;3;3;3;3;3;3;3;3;2;2;2;2;2;2;3;3;3;3;3;3;3;3;3;3;3;3;3;3;3;3;3;3;4;4;4;4;3;3;3;3;3;3;5;5;5;5;4;4;4
238;0;1;1;0;2;3;5;4;4;4;5;5;4;4;4;4;1;1;2;3;3;4;4;4;2;2;3;2;2;3;3;3;2;4;3;4;3;3;3;3;3;3;3;4;4;4;3;3;3;3;3;3;4;4;4;4;4;4;4;4;4;4;4;4;3;4;3;4;5;5;5;5;5;4;4
239;0;1;1;0;4;3;4;3;3;4;3;3;3;2;3;4;3;2;2;2;1;4;3;3;1;2;2;3;3;2;2;1;2;4;4;3;4;3;2;3;4;3;4;4;4;3;3;2;2;3;3;3;3;2;2;2;3;3;3;2;2;3;2;3;4;3;3;3;4;4;4;2;3;3;2
240;1;1;1;0;5;5;5;5;5;5;5;3;4;3;2;4;4;4;4;4;3;5;5;4;3;3;4;4;4;4;3;2;3;4;3;4;3;3;3;2;4;4;5;5;4;4;4;4;3;3;3;4;3;5;5;5;5;5;4;3;3;3;4;3;3;3;3;4;5;5;5;5;4;4;5
241;0;1;1;0;4;4;4;3;4;4;4;2;2;3;3;3;2;3;2;2;2;3;3;3;3;2;3;3;4;4;3;3;2;4;4;4;3;4;4;2;5;5;3;4;4;5;5;5;4;5;5;5;5;5;5;4;5;4;4;4;4;4;3;4;5;5;4;4;5;5;5;5;5;5;5
242;1;1;1;0;4;4;4;4;4;4;3;3;3;3;3;3;3;3;3;3;3;3;3;3;3;3;3;3;3;3;3;3;3;4;3;3;3;3;3;3;3;3;3;3;3;3;3;3;3;3;3;3;3;4;4;4;4;4;4;4;4;4;4;4;4;4;4;4;3;3;3;3;3;3;3
243;0;1;1;0;2;3;3;3;3;3;3;3;3;3;3;3;3;3;3;3;3;3;3;4;4;3;4;4;4;3;3;4;3;3;3;3;3;3;3;4;3;3;3;4;4;4;4;3;4;3;4;4;4;4;4;3;3;3;3;3;3;3;3;4;3;4;3;4;4;3;3;3;3;3;3
244;0;1;1;0;3;4;3;4;3;4;2;2;4;3;4;3;3;3;3;3;3;3;4;4;4;4;4;4;4;4;4;4;4;4;4;4;4;4;4;4;4;4;4;4;4;4;4;4;4;4;3;4;4;3;3;4;3;3;3;3;3;3;3;3;3;3;3;3;3;3;3;3;3;3;3
245;0;1;1;0;5;4;5;3;5;4;4;4;5;5;5;5;2;2;2;2;2;3;3;2;3;3;3;4;4;3;3;3;3;4;4;4;4;3;2;3;4;4;3;3;3;3;3;3;3;3;3;3;3;4;4;4;4;4;4;4;4;4;4;4;4;4;4;4;4;4;4;4;4;4;4
246;1;1;1;0;5;4;5;5;3;3;5;5;5;5;5;5;1;1;1;1;1;2;2;2;2;2;2;2;2;2;2;2;2;2;2;4;2;2;2;2;2;2;2;2;2;2;2;2;2;2;2;2;2;5;5;4;5;5;5;5;5;5;5;5;5;5;5;5;5;5;5;5;5;5;5
247;0;1;1;0;3;4;5;2;5;5;5;4;4;4;3;3;2;2;1;2;2;4;4;5;4;3;3;3;2;3;2;3;3;4;3;4;5;2;3;5;4;5;5;5;3;2;3;4;3;3;5;4;2;4;5;4;4;3;4;4;5;5;4;3;3;3;5;4;4;5;3;5;4;5;4
248;0;1;1;0;4;4;4;4;4;4;4;4;4;4;4;4;3;3;3;3;3;3;3;3;3;3;3;3;3;3;3;3;3;3;3;3;3;3;3;3;3;3;3;3;3;3;3;3;3;3;3;3;3;4;4;4;4;4;4;4;4;4;4;4;4;4;4;4;4;4;4;4;4;4;4
249;1;1;1;0;4;4;4;4;4;4;4;4;4;4;4;4;2;2;2;2;2;3;4;5;3;3;3;3;3;3;3;3;3;3;3;3;3;3;3;3;3;3;3;3;3;3;3;3;3;3;3;3;3;3;3;3;3;3;3;3;3;3;3;3;3;3;3;3;3;3;3;3;3;3;3
250;1;1;1;0;5;5;5;5;5;5;4;4;4;4;4;4;4;4;4;4;4;4;4;4;4;4;4;4;4;4;4;4;4;4;4;4;4;4;4;4;4;4;4;4;4;4;4;4;4;4;4;4;4;4;4;4;4;4;4;4;4;4;4;4;4;4;4;4;5;5;5;5;4;4;4
251;0;1;1;0;5;5;5;5;5;5;4;4;4;4;4;4;3;4;4;3;3;4;4;4;3;4;4;3;4;4;3;4;4;4;4;4;4;3;3;3;3;3;4;4;4;4;3;3;3;3;4;3;3;4;4;4;4;4;3;3;3;3;4;4;4;4;4;4;4;4;4;4;4;4;4
252;1;1;1;0;3;2;3;1;4;3;4;5;4;4;3;3;2;2;3;3;2;3;2;2;3;3;3;3;3;3;3;3;3;3;3;3;3;3;3;3;3;3;3;3;3;3;3;3;3;3;3;3;3;3;3;3;3;3;3;3;3;3;3;3;3;3;3;3;3;3;3;2;3;2;3
253;0;1;1;0;4;3;5;3;3;3;3;4;3;3;3;3;3;3;3;3;3;4;3;3;3;3;3;3;3;3;3;3;3;3;3;3;3;3;3;3;3;3;3;3;3;3;3;3;3;3;3;3;3;4;3;3;3;3;3;3;3;3;3;3;3;3;3;3;3;3;3;3;3;3;3
254;0;1;1;0;2;3;2;2;2;1;3;4;4;4;3;4;1;1;1;1;1;2;2;2;2;1;1;1;1;1;1;1;1;3;3;3;2;2;2;2;1;1;1;1;1;1;2;2;1;1;1;1;1;3;3;3;3;3;3;3;3;3;3;3;3;3;3;3;3;3;3;3;3;3;3
255;0;1;1;0;3;3;3;3;2;3;3;2;3;4;4;3;3;2;2;2;2;4;3;4;3;3;2;3;2;2;3;2;2;3;3;3;2;2;2;3;3;5;4;5;4;4;2;2;3;4;2;3;3;3;4;4;3;2;3;4;5;5;4;3;3;2;3;2;3;3;3;4;4;3;4
256;1;1;1;0;5;5;5;5;5;5;3;4;4;3;3;3;3;4;2;2;1;4;3;2;5;4;5;3;2;1;2;4;4;4;4;4;2;3;3;4;3;4;3;3;2;4;4;4;2;3;4;5;2;4;4;5;5;5;5;5;4;3;5;5;4;3;5;5;5;5;4;5;5;5;5
257;1;1;1;0;5;5;5;5;5;5;4;3;3;4;3;4;3;3;3;3;3;3;3;3;3;3;3;3;3;3;3;3;3;3;3;3;3;3;3;3;3;3;3;3;3;3;3;3;3;3;3;3;3;4;4;4;4;4;4;4;4;4;4;4;4;4;4;4;3;3;3;3;3;3;3
258;1;1;1;0;2;2;2;2;2;2;2;1;2;2;2;2;3;3;3;2;3;2;2;2;2;2;2;3;2;2;2;2;2;2;2;3;2;3;2;3;2;3;2;2;2;2;2;2;2;2;2;2;2;2;2;2;2;2;3;2;2;2;2;2;3;3;2;3;2;2;4;2;4;2;4
259;1;1;1;0;4;4;4;2;4;3;4;4;2;3;2;4;3;3;2;4;1;2;3;3;4;3;4;4;2;3;2;3;2;4;4;2;1;2;1;3;3;1;2;4;2;2;4;1;3;2;2;4;4;3;4;4;4;2;3;3;4;4;4;3;4;1;3;3;3;3;4;2;2;3;4
260;0;1;1;0;4;4;4;4;4;4;4;4;4;4;4;4;3;3;3;3;3;3;3;3;3;3;3;3;3;3;3;3;3;3;3;3;3;3;3;3;3;3;3;3;3;3;3;3;3;3;3;3;3;4;4;4;4;4;4;4;4;4;4;4;4;4;4;4;4;4;4;4;4;4;4
261;1;1;1;0;3;2;4;4;3;3;3;2;3;3;4;3;2;3;3;2;2;4;3;4;4;3;3;3;3;3;3;3;3;3;3;3;3;3;3;3;3;3;3;3;3;3;3;3;3;3;3;3;3;3;3;3;3;3;3;3;3;3;3;3;3;3;3;3;3;4;3;3;3;3;3
262;1;1;1;0;3;3;4;3;4;4;3;3;4;3;3;3;3;3;3;3;3;3;3;3;3;3;3;3;3;3;3;3;3;3;3;3;3;3;3;3;3;3;3;3;3;3;3;3;3;3;3;3;3;3;3;3;3;3;3;3;3;3;3;3;3;3;3;3;3;3;3;3;3;3;3
263;1;1;1;0;5;5;5;5;5;5;4;3;3;4;3;4;3;2;2;2;2;3;4;4;4;3;3;4;4;4;3;3;3;3;3;3;3;3;3;3;3;3;3;3;3;3;3;3;3;3;3;3;3;5;5;5;5;5;5;5;5;5;5;5;5;5;5;5;5;5;5;5;5;5;5
264;1;1;1;0;5;5;5;5;5;5;2;2;2;1;1;1;2;1;1;1;1;3;3;3;3;3;3;3;3;3;3;3;3;3;3;3;3;3;3;3;3;3;3;3;3;3;3;3;3;3;3;3;3;3;3;3;3;3;3;3;3;3;3;3;3;3;3;3;2;2;2;2;2;2;2
265;1;1;1;0;5;5;5;5;5;5;5;5;5;5;5;5;5;5;5;5;5;5;5;5;4;4;4;5;5;5;5;5;5;5;5;5;5;5;5;5;5;5;5;5;5;5;5;5;5;5;5;5;5;5;5;5;5;5;5;5;5;5;5;5;5;5;5;5;5;5;5;5;5;5;5
266;1;1;1;0;4;4;4;4;4;4;3;3;4;4;4;3;3;3;3;2;2;3;3;3;3;3;3;3;3;3;3;3;3;3;3;3;3;3;3;3;3;3;3;3;3;3;3;3;3;3;3;3;3;4;4;4;4;4;4;4;4;4;4;4;4;4;4;4;4;4;4;4;4;4;3
267;0;1;1;0;3;5;4;4;4;5;4;4;5;5;4;5;2;2;1;1;1;3;4;4;4;3;4;4;3;3;3;3;3;3;4;4;4;4;4;4;3;5;3;4;4;4;4;4;4;4;5;4;4;4;4;4;5;4;5;5;5;5;5;5;5;5;3;5;4;5;4;5;4;4;3
268;1;1;1;0;2;3;3;1;4;3;3;2;3;2;3;3;3;4;4;3;3;3;3;2;3;3;2;3;2;3;3;3;2;2;4;2;2;3;3;2;3;2;2;3;3;2;3;2;3;3;2;3;3;3;2;3;2;3;3;4;2;4;3;2;3;3;2;3;3;2;3;3;2;3;3
269;0;1;1;0;5;5;5;3;5;5;3;3;3;3;3;3;3;3;3;3;3;4;4;3;4;3;4;4;4;2;2;2;3;4;4;4;3;3;3;4;2;3;3;3;2;3;4;3;3;3;3;3;3;3;4;4;5;4;2;2;4;4;5;3;2;2;2;3;3;4;2;4;3;4;4
270;1;1;1;0;4;3;4;2;4;4;4;3;3;4;3;4;4;4;4;4;4;2;3;3;3;3;3;3;4;2;4;3;3;3;3;3;3;4;4;3;3;4;4;4;2;3;3;4;3;2;3;3;3;4;2;4;3;3;3;3;4;2;4;2;3;3;3;3;4;4;4;4;4;3;4
271;1;1;1;0;3;3;4;2;4;3;3;3;2;1;2;2;3;2;1;1;2;3;3;3;3;3;3;3;2;2;3;3;3;3;3;3;3;3;3;3;3;3;3;2;3;4;3;2;3;3;3;3;3;3;3;3;3;3;3;3;3;3;3;3;3;3;3;3;3;2;4;3;4;3;3
272;1;1;1;0;3;5;4;4;4;3;4;5;4;4;5;4;5;4;4;4;4;5;4;5;4;3;4;3;3;2;2;3;4;3;2;3;3;3;4;3;4;4;3;3;3;4;3;4;4;4;3;3;3;3;4;4;4;4;4;5;4;4;4;4;3;4;4;4;4;4;3;4;4;3;4
273;0;1;1;0;3;3;4;3;3;3;2;3;3;2;2;3;3;2;3;3;3;3;4;4;3;3;4;4;4;3;3;3;4;4;4;3;3;3;3;4;4;4;3;3;3;4;4;3;3;3;4;4;4;3;3;3;4;4;3;3;4;4;3;4;2;4;4;4;3;3;4;4;4;4;3
274;0;1;1;0;3;4;4;4;3;4;3;4;3;4;3;4;3;4;4;4;3;4;3;4;4;3;4;3;3;3;3;3;3;3;4;4;3;3;4;4;4;3;4;4;3;4;4;4;3;4;3;4;4;3;3;2;2;3;3;4;2;4;4;4;3;3;3;3;3;4;3;3;2;2;2
275;0;1;1;0;4;4;4;3;3;3;3;4;3;2;3;4;4;3;3;4;3;3;3;3;3;3;2;3;3;3;3;3;3;3;4;4;3;4;3;3;3;4;3;3;3;2;3;4;4;3;2;3;2;3;4;3;3;2;3;3;3;2;3;3;3;3;4;3;3;2;3;3;3;3;3
276;0;1;1;0;4;4;4;4;4;4;3;2;3;3;2;2;4;3;3;4;3;4;4;4;4;3;4;5;4;4;3;4;5;4;4;5;4;4;5;4;4;5;4;4;5;4;4;3;3;4;5;4;4;5;4;5;4;5;4;4;4;4;4;5;4;5;4;4;4;4;4;4;4;4;4
277;0;1;1;0;5;5;5;3;5;5;3;4;4;4;4;5;3;3;3;3;2;1;2;4;4;4;3;4;2;1;2;2;2;4;4;4;4;4;4;4;5;5;5;5;5;2;4;4;4;4;4;4;4;3;4;4;2;2;1;4;4;4;2;2;2;2;2;2;4;4;4;4;4;3;3
278;0;1;1;0;5;5;5;3;4;5;3;3;4;3;3;4;4;3;3;4;4;4;4;4;4;3;4;4;3;3;4;4;4;5;5;5;4;4;4;3;3;3;4;4;4;4;4;4;4;5;5;5;4;4;4;4;4;4;4;4;5;5;4;4;4;4;5;4;4;4;4;4;5;5;5
279;1;1;1;0;3;3;4;3;2;3;3;2;3;4;3;3;2;3;4;3;4;4;3;3;4;4;2;4;2;2;3;3;4;4;4;4;4;3;3;2;2;3;3;4;3;4;3;4;4;4;3;2;2;3;4;5;4;4;4;3;2;2;3;4;4;4;2;2;4;3;2;3;4;4;2
280;0;1;1;0;5;5;5;4;5;5;3;3;3;4;4;4;3;2;1;2;1;3;4;4;3;4;4;3;3;3;3;3;3;4;3;4;4;3;3;4;4;3;4;4;3;3;4;4;3;4;4;4;2;3;3;3;4;3;4;5;5;5;4;5;4;5;5;5;3;3;4;4;4;4;4
281;0;1;1;0;3;3;3;4;4;4;4;3;3;3;4;3;3;4;3;4;3;3;3;3;2;3;3;3;4;3;3;4;3;4;4;3;3;4;4;4;4;4;4;3;4;3;4;4;3;4;3;3;4;4;4;4;4;3;4;3;4;3;4;4;3;4;4;3;4;4;3;4;4;3;3
282;0;1;1;0;5;5;5;5;5;5;5;5;5;5;5;5;5;5;5;5;5;5;5;5;5;5;5;5;5;5;5;5;5;5;5;5;5;5;5;5;5;5;5;5;5;5;5;5;5;5;5;5;5;5;4;5;5;5;4;5;5;5;5;5;4;5;4;5;5;4;4;4;4;4;5
283;1;1;1;0;4;4;5;5;5;5;2;2;2;2;3;2;3;3;2;3;3;4;3;4;4;5;5;4;4;5;3;3;2;4;4;4;3;4;4;3;4;4;4;4;3;5;4;4;3;5;5;4;4;4;5;5;4;4;3;4;4;5;3;4;3;4;4;4;5;5;5;5;4;4;5
284;0;1;1;0;2;4;5;5;5;4;4;3;3;4;3;3;3;2;3;1;2;3;3;4;3;4;3;4;4;4;4;4;4;4;3;4;3;2;3;3;4;4;2;4;3;3;4;2;2;3;3;2;3;3;3;3;3;3;3;3;4;4;3;4;3;4;3;4;4;4;3;3;4;4;4
285;1;1;1;0;5;4;4;4;4;5;4;4;4;4;4;4;2;2;2;2;2;2;2;2;2;1;2;1;2;1;2;2;1;1;2;1;2;1;2;2;1;2;1;1;2;1;2;2;2;1;2;2;2;4;4;4;4;4;4;4;4;4;4;4;4;4;4;4;5;5;5;5;4;4;4
286;1;1;1;0;5;5;5;3;5;5;2;2;3;3;3;3;3;3;3;3;3;2;2;3;3;3;3;2;2;3;2;3;3;3;3;4;2;2;2;2;4;4;2;2;2;3;2;2;2;2;2;3;3;4;4;4;4;4;5;5;5;5;5;5;5;5;5;5;4;4;2;4;4;4;4
287;1;1;1;0;1;1;1;1;1;1;1;1;1;1;1;1;4;4;4;4;4;4;4;4;4;4;4;4;4;4;4;4;4;4;4;4;4;4;4;4;4;4;4;4;4;4;4;4;4;4;4;4;4;4;4;4;4;4;4;4;4;4;4;4;4;4;4;4;4;4;4;4;4;4;4
288;1;1;1;0;5;5;5;4;5;5;3;2;2;2;2;2;4;3;4;4;4;3;2;2;3;3;4;4;4;3;4;4;4;4;4;4;4;4;4;5;4;4;2;4;4;4;4;4;4;4;3;4;5;4;4;4;5;4;4;4;4;5;4;5;4;4;4;5;5;5;4;4;4;4;4
289;1;1;1;0;5;5;5;5;5;5;3;3;4;4;4;5;5;3;3;5;1;4;4;5;3;3;5;5;5;3;3;3;1;4;5;5;5;4;3;4;5;5;5;5;5;5;5;5;4;4;4;4;4;5;5;5;5;5;5;5;5;5;5;5;5;5;5;5;3;4;4;4;5;5;5
290;0;1;1;0;4;4;4;4;4;4;4;4;4;4;4;4;3;3;3;3;3;4;4;4;3;3;3;3;3;3;3;3;3;3;3;3;3;3;3;3;3;3;3;3;3;3;3;3;3;3;3;3;3;3;3;3;3;3;3;3;3;3;3;3;3;3;3;3;4;4;4;4;4;4;4
291;0;1;1;0;5;5;5;5;5;5;4;4;4;4;4;4;3;3;3;3;3;3;3;3;2;2;2;2;2;2;3;3;3;3;3;3;3;3;3;3;3;3;3;3;2;2;2;2;2;2;2;2;2;2;2;2;2;2;2;2;2;2;4;4;4;4;4;4;3;3;3;3;3;3;3
292;1;1;1;0;5;5;5;5;5;5;5;5;5;5;5;5;5;5;5;5;5;3;3;3;4;4;4;3;3;3;3;3;3;3;3;3;3;3;3;3;3;3;3;3;3;3;3;3;3;3;3;3;3;5;5;5;5;5;5;5;5;5;5;5;5;5;5;5;5;5;5;5;5;5;5
293;0;1;1;0;4;4;4;4;3;4;3;4;3;4;4;3;4;4;4;4;4;4;3;4;4;3;4;4;4;3;3;4;3;3;4;4;4;4;3;4;4;4;4;3;4;4;3;4;3;4;3;4;3;4;4;3;4;3;4;3;4;3;4;3;4;3;4;3;4;4;3;4;4;3;4
294;1;1;1;0;2;5;5;3;5;3;4;2;2;2;2;2;4;4;4;4;4;2;3;4;5;5;5;5;5;5;3;3;5;4;1;5;1;3;2;5;5;1;5;5;3;3;5;5;5;5;5;5;5;5;5;5;5;5;5;5;5;5;5;5;5;5;5;5;5;5;5;5;4;5;4
295;1;1;1;0;4;5;5;3;5;3;3;2;3;2;3;1;5;5;5;5;4;2;4;4;4;5;4;4;3;2;4;4;3;4;4;4;3;3;3;4;4;3;2;3;2;4;4;5;4;5;3;4;4;4;4;4;4;3;3;2;4;5;4;4;4;4;5;3;4;4;3;4;3;4;4
296;1;1;1;0;4;4;5;3;4;4;4;4;4;4;4;5;1;1;2;2;1;4;3;3;3;2;3;3;3;2;2;3;2;3;3;3;2;3;3;3;2;3;3;2;2;4;4;3;3;3;3;3;3;3;3;3;3;3;4;3;3;3;3;3;3;3;3;3;4;3;4;3;4;3;3
297;0;1;1;0;4;4;4;4;4;4;3;3;3;3;3;3;3;3;3;3;3;4;4;4;4;4;4;4;4;4;4;4;4;4;4;4;4;4;4;4;3;3;3;3;3;3;4;4;4;3;4;4;4;4;4;4;4;4;4;4;4;4;4;4;4;4;4;4;3;3;3;3;3;3;3
298;1;1;1;0;5;4;5;3;3;3;2;2;2;1;2;1;3;4;4;5;4;3;3;4;5;4;4;4;4;4;4;4;4;5;4;4;4;4;4;4;5;3;3;4;4;4;4;4;4;4;4;4;4;4;4;4;4;5;2;4;4;4;3;3;4;3;4;3;4;4;3;4;4;4;4
299;1;1;1;0;2;5;5;3;4;2;4;4;4;4;4;4;5;5;5;2;2;3;4;2;1;1;1;4;4;4;5;5;5;4;2;3;2;2;1;1;1;1;1;1;1;4;5;1;4;5;2;2;4;2;4;3;5;5;5;3;5;5;4;4;4;4;4;4;3;3;3;4;3;3;3
300;1;1;1;0;5;4;5;5;5;5;2;2;4;4;4;5;4;4;3;3;2;3;4;4;5;5;4;4;1;4;4;4;4;3;4;4;4;2;3;4;3;2;4;4;4;3;5;5;3;5;4;4;5;4;5;5;5;5;5;5;5;5;5;5;5;5;5;5;4;4;4;4;4;4;4
301;1;1;1;0;1;1;2;2;2;2;1;1;1;1;1;1;1;1;1;1;1;1;1;1;1;1;1;1;1;1;1;1;1;1;2;1;1;1;1;1;1;1;1;1;1;1;1;1;1;1;1;1;1;5;5;5;5;5;5;5;5;5;5;5;5;5;5;5;3;3;3;3;3;3;3
302;0;1;1;0;3;3;3;3;3;3;3;3;3;3;3;3;3;3;3;3;3;3;3;3;3;3;3;3;3;3;3;3;3;3;3;3;3;3;3;3;3;3;3;3;3;3;3;3;3;3;3;3;3;4;4;4;4;4;3;3;3;3;3;3;3;3;3;3;3;3;3;3;3;3;3
303;1;1;1;0;4;4;4;5;3;5;4;3;4;4;3;4;3;3;3;3;3;2;3;3;3;4;4;4;3;2;2;4;3;3;3;3;3;4;2;3;3;3;3;3;3;3;3;3;3;3;3;3;3;3;3;3;3;3;3;3;3;5;3;3;3;3;3;3;3;3;3;3;3;3;3
304;1;1;1;0;4;4;5;5;5;5;2;2;2;2;2;2;4;4;4;4;4;4;4;4;4;4;4;4;3;2;4;4;3;4;4;4;4;4;4;3;4;4;4;4;4;4;3;3;3;3;3;3;3;4;5;5;4;3;4;5;4;3;4;5;5;4;5;4;5;5;5;4;4;5;4
305;1;1;1;0;5;5;5;5;5;5;3;5;5;5;5;5;3;3;3;3;3;3;4;5;3;4;4;4;4;4;5;4;4;4;4;3;4;5;5;4;5;4;3;4;4;4;4;3;2;4;3;2;3;5;5;5;5;5;5;5;5;5;5;5;5;5;5;5;5;5;5;5;5;5;5
306;0;1;1;0;3;5;5;5;5;5;3;3;3;3;4;3;4;4;4;4;4;4;4;4;4;4;4;3;3;3;3;3;3;4;4;4;4;3;4;4;4;3;3;5;5;5;4;4;4;4;4;4;4;5;4;5;4;4;4;5;4;3;5;5;5;5;4;3;3;3;4;4;5;4;5
307;1;1;1;0;5;5;5;5;5;5;4;4;4;4;4;4;2;4;4;2;2;2;2;2;2;2;2;2;2;2;2;2;2;2;2;2;2;2;2;2;2;2;2;2;2;2;2;2;2;2;2;2;2;5;5;5;5;5;4;4;4;4;3;3;3;3;3;3;3;3;3;3;3;4;4
308;1;1;1;0;5;5;5;5;5;5;5;5;5;5;5;5;5;5;5;5;5;5;5;5;4;4;4;5;5;5;5;5;5;5;5;5;5;5;5;5;5;5;5;5;5;5;5;5;5;5;5;5;5;5;5;5;5;5;5;5;5;5;4;4;4;4;4;4;5;5;5;5;5;5;5
309;1;1;1;0;5;5;5;5;5;5;3;4;4;4;4;4;3;3;3;3;3;3;4;2;3;5;5;2;2;2;3;3;3;2;3;3;3;3;3;3;3;3;3;3;3;3;3;3;3;3;3;3;2;3;3;3;3;3;3;3;3;3;3;3;3;3;3;3;3;3;3;3;3;3;3
310;1;1;1;0;5;5;5;5;5;5;5;5;5;5;5;5;5;5;5;5;5;5;5;5;4;4;5;5;5;5;5;5;5;5;5;5;5;5;5;5;5;5;5;5;5;5;4;4;4;4;4;4;4;4;4;4;4;4;4;4;4;4;4;4;4;4;4;4;4;4;4;4;3;3;3
311;0;1;1;0;4;4;4;4;5;5;3;2;4;4;3;4;3;3;4;3;3;3;3;3;3;3;3;3;3;3;3;3;3;3;3;3;3;3;3;3;3;3;3;3;3;3;3;3;3;3;3;3;3;3;3;3;3;3;3;3;3;3;3;3;3;3;3;3;3;3;3;3;3;3;3
312;0;1;1;0;5;5;5;5;5;5;4;4;4;3;4;4;2;2;2;2;2;3;3;4;4;3;4;3;3;3;3;3;3;3;3;3;3;3;3;3;3;3;3;3;3;3;3;3;3;3;3;3;3;5;5;5;5;5;5;5;5;5;5;5;5;5;5;5;5;5;5;5;5;5;5
313;1;1;1;0;4;4;5;3;5;2;3;3;4;4;3;3;4;4;2;3;2;4;2;3;3;3;4;4;3;2;3;2;1;2;3;2;2;2;2;3;4;4;5;5;4;5;5;5;4;4;4;4;3;4;4;4;4;4;4;4;4;4;4;3;4;5;5;4;4;4;4;3;4;3;3
314;1;1;1;0;5;5;5;3;5;5;2;2;2;2;2;2;3;4;4;4;4;5;4;4;4;4;4;4;3;4;4;3;4;4;4;4;4;4;3;4;3;3;3;3;3;3;4;4;4;4;4;4;4;4;4;3;4;3;4;4;3;4;4;3;4;3;4;3;4;4;3;4;4;4;4
315;1;1;1;0;1;2;3;4;1;2;1;2;3;4;1;2;3;4;1;2;3;1;2;3;4;5;1;1;2;3;4;5;1;2;3;4;5;1;2;3;4;5;1;2;3;4;1;2;3;4;1;2;3;1;2;3;4;1;2;3;4;1;2;3;4;1;2;3;1;2;3;4;1;2;3
316;1;1;1;0;5;5;5;3;5;3;4;4;4;3;4;5;4;3;3;2;1;2;4;4;4;4;3;4;2;1;3;3;3;4;3;5;4;2;2;4;2;4;2;4;4;4;4;4;4;2;4;4;5;4;5;5;4;4;5;5;4;5;5;4;4;4;4;4;4;3;5;3;5;5;5
317;0;1;1;0;4;4;5;3;4;4;4;4;3;3;4;4;3;3;3;3;3;3;3;3;3;3;3;3;3;3;3;3;3;3;3;3;3;3;3;3;3;3;3;3;3;3;3;3;3;3;3;3;3;3;3;3;3;3;3;3;3;3;3;3;3;3;3;3;3;3;3;3;3;3;3
318;1;1;1;0;4;5;5;3;5;5;3;2;4;3;3;2;4;4;4;5;3;3;4;4;5;4;5;5;4;3;3;4;4;3;4;4;5;3;2;2;3;3;4;4;4;5;5;5;5;5;4;5;5;3;2;3;2;2;2;4;4;3;2;3;4;4;4;4;4;4;4;4;4;4;4
319;1;1;1;0;1;3;4;3;2;3;2;3;2;4;2;3;3;3;3;3;3;2;3;4;5;4;4;4;4;3;4;4;3;4;3;4;3;4;3;3;4;3;5;3;5;2;4;3;3;3;3;3;3;2;3;3;3;3;3;3;4;3;3;3;4;3;3;4;3;4;4;4;4;3;4
320;1;1;1;0;4;4;4;4;4;4;3;3;3;3;3;3;3;3;3;3;3;3;3;3;3;3;3;3;3;3;3;3;3;3;3;3;3;3;3;3;3;3;3;3;3;3;3;3;3;3;3;3;3;3;3;3;3;3;3;3;3;3;3;3;3;3;3;3;4;4;4;4;4;4;4
321;1;1;1;0;4;4;5;3;4;4;3;3;4;3;4;4;3;3;4;4;3;3;4;4;4;3;4;4;3;4;4;4;3;3;4;4;3;4;3;4;4;4;4;4;4;4;4;3;4;4;4;3;4;4;5;5;5;4;5;4;5;5;5;5;4;4;5;5;4;4;5;4;5;4;4
322;1;1;1;0;5;4;5;5;5;3;3;2;3;4;4;4;4;3;3;4;2;4;3;3;4;4;4;4;2;3;3;3;3;3;3;3;3;3;3;3;3;3;3;3;3;3;3;3;3;3;3;3;3;4;4;4;4;4;4;4;4;4;4;4;4;4;4;4;4;4;4;4;4;4;4
323;0;1;1;0;4;3;5;2;2;5;4;4;4;4;5;5;2;2;1;1;1;3;4;5;3;2;3;5;2;2;2;2;3;2;3;4;5;4;5;4;4;4;2;4;4;4;5;5;5;5;5;4;5;4;4;5;5;5;4;5;5;5;4;4;4;5;5;4;4;4;5;5;3;4;5
324;0;1;1;0;3;3;3;3;3;3;4;4;4;4;4;4;4;4;4;4;4;4;4;4;4;4;4;4;4;4;4;4;4;4;4;4;4;4;4;4;4;4;4;4;4;4;4;4;4;4;4;4;4;4;4;4;4;4;4;4;4;4;3;3;3;3;3;3;4;4;4;4;4;4;4
325;0;1;1;0;5;5;5;5;5;5;5;5;5;4;5;5;1;2;1;1;1;4;4;3;3;2;3;3;3;3;2;2;3;3;3;3;3;3;3;3;2;3;2;3;3;3;3;4;3;3;4;4;5;4;4;4;4;4;4;3;3;4;3;4;4;4;3;4;4;4;4;4;4;4;4
326;1;1;1;0;4;3;4;4;4;3;3;3;4;3;4;4;2;2;1;2;1;3;3;4;4;4;4;4;3;2;4;3;4;4;3;4;4;4;3;4;4;4;4;4;3;4;4;4;3;4;4;4;4;4;3;4;4;4;4;4;4;3;4;4;4;3;4;4;4;4;4;4;4;4;4
327;1;1;1;0;5;5;5;5;5;5;3;3;2;2;2;2;4;4;4;4;4;5;3;3;4;4;4;4;4;4;4;4;4;4;4;4;4;4;4;4;4;4;4;4;4;4;4;4;4;4;4;4;4;4;4;4;4;4;4;4;4;4;4;4;4;4;4;4;1;1;1;1;4;4;4
328;1;1;1;0;4;4;4;4;4;4;3;3;3;2;2;3;3;3;3;3;3;3;3;2;3;3;3;3;3;3;3;2;2;2;2;3;3;3;3;3;3;2;3;2;2;2;2;2;3;3;3;3;3;3;3;3;3;3;3;3;3;3;3;3;3;3;3;3;3;3;3;3;3;3;3
329;1;1;1;0;5;5;5;3;4;5;3;3;3;4;4;4;2;3;2;3;2;2;2;2;4;4;3;4;4;4;4;3;4;4;3;3;4;2;3;3;3;3;4;4;3;4;4;4;3;3;3;3;4;4;3;5;5;4;5;4;4;5;5;5;4;5;5;2;5;5;4;4;4;5;2
330;0;1;1;0;5;5;5;5;5;5;2;3;4;3;4;5;4;5;3;4;4;4;4;5;4;4;4;4;3;5;5;4;4;4;4;4;4;4;4;4;4;4;4;4;4;4;4;3;4;4;4;4;4;4;4;4;5;5;4;4;4;4;4;4;4;4;4;4;4;4;4;4;4;4;4
331;0;1;1;0;3;3;4;4;4;4;3;3;3;3;3;3;2;2;2;2;2;2;3;3;3;3;3;3;3;3;3;2;3;3;3;3;3;4;4;4;3;4;3;3;3;3;4;4;4;4;4;4;4;4;4;4;4;4;4;4;4;4;4;4;4;4;4;4;3;4;4;3;4;4;4
332;1;1;1;0;4;5;5;3;5;5;4;3;3;4;4;3;1;1;1;1;1;1;1;5;5;5;5;5;5;5;5;5;5;5;5;5;5;5;5;5;5;1;5;5;5;5;5;5;5;4;5;5;5;5;5;5;5;5;5;5;5;5;5;5;5;5;5;5;5;5;5;5;5;5;5
333;0;1;1;0;4;4;5;4;4;4;4;4;5;5;5;5;5;5;5;5;5;3;3;3;3;3;3;3;3;3;3;3;3;3;3;3;3;3;3;3;3;3;3;3;3;3;3;3;3;3;3;3;3;4;4;4;4;4;4;4;4;4;4;4;4;4;4;4;4;4;4;4;4;4;4
334;0;1;1;0;5;5;5;5;5;5;3;3;3;3;3;3;3;3;3;3;3;5;5;5;4;4;5;5;3;2;4;5;5;5;5;5;5;5;5;5;4;4;4;4;4;4;5;5;5;5;5;5;5;5;5;5;5;3;5;5;5;5;5;5;5;5;5;5;5;5;5;5;5;5;5
335;0;1;1;0;4;4;4;4;4;4;3;3;3;3;3;3;2;2;3;2;2;2;2;3;3;3;3;3;3;3;3;3;3;3;3;3;3;3;3;3;3;3;3;3;3;3;3;3;3;3;3;3;3;3;3;3;3;3;3;3;3;3;3;3;3;3;3;3;3;3;3;3;3;3;3
336;1;1;1;0;4;5;5;5;5;5;2;3;2;2;2;2;2;2;1;2;2;3;3;2;3;3;2;3;2;3;3;3;3;2;3;4;3;2;2;3;2;2;3;3;2;2;2;4;2;3;3;3;3;4;5;4;4;4;2;2;2;2;2;3;2;3;2;3;4;4;4;4;4;4;3
337;0;1;1;0;5;5;5;5;5;5;4;4;4;4;4;4;3;3;3;3;3;3;3;3;3;3;3;4;5;5;4;4;4;4;4;4;5;4;4;4;4;4;4;4;4;4;3;3;3;3;3;3;3;3;3;3;3;3;3;3;3;3;3;3;3;3;3;3;3;3;3;3;3;3;3
338;0;1;1;0;5;5;4;4;5;5;5;4;5;5;4;4;5;4;3;5;5;5;4;5;5;5;4;4;3;5;5;4;3;4;5;5;4;5;4;5;4;5;4;4;5;5;5;5;4;3;4;5;5;5;5;4;3;4;5;4;5;5;5;5;4;3;4;5;4;3;3;5;5;5;4
339;0;1;1;0;5;5;5;5;5;5;4;4;4;5;5;5;1;1;2;1;1;1;1;2;1;2;2;2;2;1;1;1;1;3;3;4;4;3;3;4;2;3;5;5;4;4;4;4;5;5;4;4;4;5;5;5;5;5;5;5;5;5;5;5;5;5;5;5;4;4;4;4;3;4;4
340;0;1;1;0;5;5;5;5;5;5;3;3;4;4;5;4;3;3;2;2;3;3;2;4;3;2;4;4;2;2;2;2;2;4;2;5;3;3;2;3;3;3;2;3;3;4;3;4;4;5;5;5;5;4;5;5;5;5;3;5;5;5;4;4;5;5;2;1;3;4;3;3;4;4;4
341;0;1;1;0;5;5;5;4;4;5;4;4;5;5;5;4;4;2;2;5;4;4;3;3;2;4;4;4;3;3;4;4;5;5;5;5;4;5;5;4;4;5;5;5;4;4;5;5;5;5;5;4;4;4;4;5;5;3;3;4;4;4;4;3;3;4;4;4;4;4;4;5;5;4;4
342;1;1;1;0;4;4;5;4;5;5;2;3;4;4;3;4;2;2;4;3;3;5;4;4;4;3;4;3;2;4;4;3;2;4;5;5;4;5;4;3;3;4;4;5;5;5;3;3;2;3;3;3;2;4;5;4;5;3;3;4;3;3;4;3;3;2;2;4;5;4;4;5;3;4;5
343;0;1;1;0;3;3;3;3;3;3;3;3;3;3;3;3;2;2;2;2;2;3;3;3;2;2;2;3;3;3;3;3;3;3;3;3;3;3;3;3;3;3;3;3;3;3;4;4;3;4;3;3;3;3;3;3;3;3;3;3;3;3;3;3;3;3;3;3;3;3;3;3;4;4;4
344;0;1;1;0;5;5;5;5;5;5;4;3;3;4;2;2;5;5;5;5;5;4;4;4;5;5;5;5;5;5;4;4;4;5;5;5;5;5;5;5;5;5;5;5;5;5;3;3;3;5;5;5;5;5;5;5;5;5;5;5;5;5;5;5;5;5;5;5;3;4;4;4;5;5;5
345;0;1;1;0;4;4;4;3;5;5;4;5;5;5;4;4;2;2;2;2;2;2;2;2;3;2;2;3;3;3;3;3;3;3;3;3;3;3;3;3;3;3;3;3;3;3;3;3;3;3;3;3;3;3;4;4;4;4;4;4;4;4;4;4;4;4;4;4;4;4;4;4;4;4;4
346;0;1;1;0;4;5;5;5;4;4;3;3;3;4;4;4;5;5;5;5;5;4;4;4;4;4;4;4;3;3;4;4;4;4;4;4;4;4;4;4;4;4;4;4;4;4;4;4;4;4;4;4;4;4;4;4;5;4;5;5;4;4;4;4;5;4;4;5;3;3;2;3;4;4;4
347;0;1;1;0;5;5;5;5;5;4;5;2;5;5;5;2;2;1;1;3;1;5;5;5;5;5;5;5;5;5;4;3;3;5;5;5;5;5;5;5;5;5;5;5;5;5;4;4;3;2;5;5;3;5;5;5;5;5;5;5;5;4;5;5;5;5;5;4;5;5;4;4;5;5;5
348;0;1;1;0;4;4;4;3;4;4;3;3;4;4;4;4;4;4;3;3;4;3;4;3;3;4;4;4;3;3;4;4;3;4;3;4;4;3;2;2;4;4;3;4;2;3;4;4;4;4;4;3;4;4;3;3;3;2;4;4;4;4;3;4;3;3;3;3;4;3;4;4;4;3;3
349;0;1;1;0;5;5;5;5;5;5;4;3;3;3;4;3;3;3;3;3;3;3;4;3;3;4;4;4;4;4;4;3;3;3;4;3;3;3;4;3;3;3;3;3;3;3;4;4;3;2;3;3;3;4;3;4;4;3;3;4;3;3;3;3;4;4;4;4;4;4;4;4;3;4;4
350;0;1;1;0;5;4;5;5;5;5;5;5;4;4;5;5;3;3;2;2;2;5;4;5;4;4;5;5;4;5;5;4;5;5;5;5;5;5;4;4;5;3;2;4;4;5;5;4;5;5;4;4;5;4;4;5;5;4;5;5;4;4;4;5;5;5;4;5;5;5;4;4;5;5;5
351;1;1;1;0;4;4;4;4;4;4;3;3;2;2;2;2;4;3;3;3;3;3;3;3;3;3;3;3;3;3;3;3;3;3;3;4;3;3;3;3;3;4;4;4;4;4;5;4;5;4;5;4;4;4;4;3;3;4;4;4;4;4;4;4;4;4;4;4;5;5;5;5;4;4;5
352;0;1;1;0;4;4;3;4;3;4;4;3;4;3;4;4;5;3;4;4;4;4;4;4;4;4;3;4;4;5;4;5;4;4;3;4;3;3;4;4;4;4;4;3;4;3;4;4;4;4;4;4;4;4;4;4;3;4;4;5;5;4;3;4;4;4;4;4;4;5;5;5;5;5;5
353;0;1;1;0;4;4;4;3;4;4;2;3;2;2;2;3;3;3;3;3;3;4;4;4;4;4;4;4;3;3;4;3;2;4;3;4;4;4;4;4;3;4;2;4;5;5;4;4;4;4;4;4;4;4;4;4;4;4;4;4;4;4;4;4;4;4;4;4;4;4;4;4;4;4;4
354;1;1;1;0;5;5;5;5;5;5;4;4;4;4;4;4;3;3;3;3;3;3;3;3;3;3;3;3;3;3;3;3;3;3;3;3;3;3;3;3;3;3;3;3;3;3;3;3;3;3;3;3;3;4;4;4;4;4;3;3;3;3;3;3;3;3;3;3;4;4;4;4;4;4;4
355;0;1;1;0;4;4;4;4;4;4;3;3;3;3;3;3;4;4;4;4;4;4;4;4;4;4;3;3;3;3;4;3;4;3;4;3;4;3;3;3;3;3;4;3;3;4;4;4;3;3;3;3;3;3;3;4;3;3;4;4;4;4;4;4;4;4;4;4;4;3;4;4;4;3;4
356;1;1;1;0;1;5;4;1;4;5;1;1;1;1;1;1;5;5;5;5;5;2;2;2;1;1;1;1;1;1;2;2;3;4;1;4;1;1;3;2;3;1;3;2;3;2;4;2;4;3;2;3;3;4;3;4;3;3;3;3;3;4;1;2;3;3;3;3;2;3;4;3;3;3;2
357;1;1;1;0;5;4;5;3;5;5;3;2;4;4;4;3;4;2;3;2;2;4;4;4;4;4;4;4;3;3;3;3;4;4;4;4;5;3;3;4;4;4;5;4;4;3;4;4;4;4;4;4;4;5;5;5;5;5;5;5;5;5;5;5;5;5;5;5;5;5;5;5;4;4;4
358;0;1;1;0;5;4;5;5;4;5;3;3;3;3;3;3;4;3;4;4;4;4;3;3;3;3;3;3;3;3;3;4;4;4;3;3;3;3;3;3;3;4;3;4;4;4;5;5;5;5;4;5;5;5;5;4;4;4;4;4;4;4;5;4;4;4;4;4;5;4;4;4;5;4;4
359;1;1;1;0;4;4;3;3;4;3;4;3;3;2;2;5;4;3;3;3;3;3;3;2;5;3;2;3;2;1;1;1;1;2;2;2;2;2;1;2;2;1;2;1;2;2;2;2;5;3;2;4;3;3;3;2;3;3;3;2;3;3;3;2;4;4;3;3;3;2;3;3;3;2;3
360;1;1;1;0;5;5;5;4;5;5;4;4;4;3;5;4;3;3;2;2;3;4;4;4;5;4;5;5;3;3;4;4;4;3;4;4;4;2;2;4;4;3;4;4;3;4;4;4;4;3;3;3;3;5;5;5;4;3;4;5;5;5;5;4;4;4;3;3;4;5;4;5;3;4;3
361;1;1;1;0;4;4;4;4;4;4;4;4;4;4;4;4;3;3;3;3;3;3;3;3;3;3;3;3;3;3;3;3;3;3;3;3;3;3;3;3;3;3;3;3;3;3;3;3;3;3;3;3;3;3;3;3;3;3;3;3;3;3;3;3;3;3;3;3;4;4;4;4;4;4;4
362;1;1;1;0;5;5;5;5;5;5;2;2;2;2;2;2;2;2;5;4;3;2;4;4;2;2;3;3;4;4;5;4;3;3;4;3;3;3;3;1;4;5;4;5;3;3;3;4;4;3;5;5;5;5;5;5;5;5;5;5;4;4;4;3;4;4;4;5;5;5;4;4;4;5;4
363;1;1;1;0;4;4;4;4;3;3;3;4;4;4;4;4;3;3;1;1;1;1;1;3;4;2;2;2;2;2;1;3;2;1;1;1;1;1;1;1;1;1;1;1;1;1;3;3;2;3;2;1;3;1;1;2;3;1;2;1;2;3;2;3;2;3;2;3;3;3;3;3;3;3;3
364;1;1;1;0;5;4;4;3;4;5;3;4;2;1;1;2;4;3;3;2;3;2;3;4;4;5;5;4;3;2;2;3;2;1;4;3;2;2;3;3;4;3;2;3;3;3;4;3;4;4;3;2;2;4;3;2;3;3;4;2;3;3;4;2;4;3;2;3;4;2;4;2;4;4;2
365;0;1;1;0;5;5;5;5;4;5;4;4;4;4;4;4;3;3;2;2;2;3;4;4;4;3;3;3;4;3;3;3;3;3;4;3;4;4;3;4;4;3;4;4;4;4;4;3;4;4;4;4;4;4;3;4;3;4;4;4;3;4;4;3;4;3;4;3;4;3;4;3;4;4;4
366;0;1;1;0;4;4;4;4;4;4;2;2;3;2;3;2;4;4;4;3;4;4;4;4;4;4;3;4;3;3;4;4;3;3;4;4;4;4;4;4;4;4;4;4;4;4;4;3;2;4;4;4;4;4;4;4;4;4;4;4;4;4;4;4;4;4;4;4;4;4;4;4;4;4;4
367;0;1;1;0;5;5;5;5;5;5;3;3;2;2;2;2;4;2;3;2;2;4;4;4;3;3;3;4;2;3;2;2;3;4;4;4;3;4;3;3;4;4;4;4;4;4;4;4;2;5;5;5;4;5;5;4;4;4;4;5;4;4;5;5;5;4;4;4;5;5;4;4;4;4;4
368;1;1;1;0;4;4;4;4;4;4;2;2;2;2;2;2;3;3;3;3;3;4;4;4;4;3;4;3;3;3;4;4;3;4;4;4;4;3;4;3;3;4;4;3;4;5;4;4;4;4;4;3;4;3;4;4;4;4;4;4;4;4;4;4;4;4;4;4;4;4;4;4;3;4;4
369;1;1;1;0;4;4;5;4;5;5;4;3;3;3;3;3;3;3;3;3;3;4;3;4;3;4;4;3;4;4;3;4;4;4;3;3;3;4;3;4;4;4;3;3;3;3;4;4;4;3;4;3;3;4;4;3;4;4;4;3;4;4;3;4;4;4;4;3;4;5;4;5;4;5;4
370;0;1;1;0;2;3;4;4;2;3;4;4;4;5;4;5;2;2;2;2;1;4;4;3;4;3;2;4;3;2;3;3;3;3;3;4;3;3;2;3;3;3;3;3;3;3;3;3;3;3;3;3;3;4;4;4;4;4;3;3;3;3;4;4;4;4;4;4;4;4;4;4;3;3;3
371;0;1;1;0;5;5;5;3;5;4;4;4;4;4;4;4;5;5;5;5;5;3;2;3;3;3;3;3;4;3;3;3;3;3;2;2;3;3;2;2;4;3;3;4;4;3;1;2;2;2;3;2;3;5;4;5;5;5;5;5;5;5;5;5;5;5;5;5;5;5;5;5;4;4;4
372;0;1;1;0;4;4;5;5;5;4;3;3;4;4;4;5;2;2;2;2;2;3;3;3;2;3;4;4;4;4;4;4;4;3;3;4;4;3;3;2;3;3;1;3;3;3;4;4;4;3;3;4;4;4;4;3;4;4;4;4;5;5;4;4;4;4;4;3;3;3;3;4;3;3;3
373;1;1;1;0;4;4;5;5;5;5;5;4;4;4;5;5;5;4;4;5;5;5;5;4;5;4;5;5;5;5;5;4;5;4;4;4;5;5;5;5;4;4;5;5;5;5;5;5;5;4;5;5;5;5;5;5;5;4;5;5;5;4;5;5;5;5;4;5;5;5;4;5;5;4;4
374;0;1;1;0;4;4;4;4;4;4;3;3;3;4;4;3;3;3;3;3;2;4;4;4;4;4;4;4;4;4;4;4;4;4;3;4;5;3;3;5;4;4;4;4;4;4;4;4;4;4;4;4;4;4;4;4;4;4;4;4;4;4;4;4;4;4;4;4;4;4;4;4;4;4;4
375;0;1;1;0;5;5;5;4;4;4;4;3;3;3;3;4;5;5;4;4;4;4;3;4;4;4;3;4;3;4;4;4;3;4;5;4;4;4;5;4;4;3;4;4;4;5;5;5;4;4;4;4;5;5;4;4;4;5;4;4;5;4;4;5;4;4;4;4;5;4;4;4;5;5;4
376;0;1;1;0;5;5;5;4;5;5;3;4;4;3;4;4;5;4;3;2;3;5;5;5;4;5;5;4;5;5;5;4;4;5;3;4;4;4;2;5;4;5;5;4;5;5;5;4;5;5;5;4;5;5;4;5;4;5;5;4;5;5;4;4;4;5;5;5;5;4;5;5;5;5;4
377;0;1;1;0;5;5;5;2;5;5;1;2;1;1;2;1;4;1;2;1;1;5;5;4;4;4;4;5;4;4;4;4;5;4;3;4;5;4;2;4;3;4;4;4;3;3;5;4;4;4;5;4;5;5;5;5;5;5;4;5;5;5;5;5;5;5;5;4;4;4;5;4;5;4;5
378;1;1;1;0;4;4;5;5;5;5;3;2;2;2;1;3;2;2;3;3;2;5;3;4;5;3;4;3;2;2;5;5;5;5;4;4;4;3;3;3;3;4;5;4;5;5;5;4;4;5;4;5;5;4;4;4;4;4;3;3;3;3;4;3;4;3;4;3;4;4;3;5;3;3;3
379;1;1;1;0;5;5;5;5;5;5;5;5;5;5;5;5;5;5;5;5;5;5;5;5;5;5;5;5;5;5;5;5;5;4;4;4;4;5;5;5;5;5;5;5;5;5;5;5;5;5;5;5;5;4;4;4;4;4;4;4;4;4;4;4;4;4;4;4;4;4;4;4;4;4;4
380;0;1;1;0;3;3;3;1;3;3;3;3;3;3;3;3;3;3;3;3;3;4;3;3;3;4;3;3;3;4;3;3;3;3;3;3;3;2;3;2;3;2;2;2;2;2;3;3;3;3;3;3;3;3;3;4;2;2;3;2;3;2;2;2;2;2;2;2;2;2;3;2;2;2;2
381;0;1;1;0;5;5;5;4;5;5;2;2;2;2;2;2;5;5;5;5;5;2;3;3;3;3;4;4;3;3;4;4;3;3;3;3;4;2;2;2;4;2;2;3;3;4;4;4;4;4;3;4;3;2;3;3;3;2;2;3;3;3;3;3;3;3;3;3;2;2;2;2;2;2;2
382;0;0;0;0;;;;;;;5;5;5;5;5;5;5;5;5;5;5;1;1;1;1;1;1;1;1;1;1;1;1;1;1;1;1;2;2;2;1;1;1;2;1;1;1;2;2;1;2;1;1;1;2;1;2;1;1;2;2;2;2;2;2;2;2;2;1;2;1;1;1;2;1
383;0;1;1;0;5;5;5;5;5;5;3;3;3;3;4;4;5;5;4;5;4;4;5;4;5;5;4;5;4;5;4;5;5;4;4;5;4;5;4;5;4;5;5;4;5;5;4;4;5;5;5;4;5;4;5;4;5;4;5;4;4;5;4;4;5;4;4;5;4;5;4;4;5;4;5
384;0;1;1;0;5;5;5;3;5;4;5;5;5;5;5;5;3;5;5;5;5;4;4;4;4;4;4;4;4;4;4;4;4;4;4;4;4;4;4;4;4;4;4;4;4;4;4;4;4;4;4;4;4;5;4;5;5;4;4;4;4;4;4;4;4;4;4;4;5;4;5;4;4;4;4
385;0;1;1;0;5;5;5;5;5;5;2;2;2;3;2;3;5;5;5;4;3;2;4;4;3;4;4;4;3;3;4;4;4;3;3;4;3;3;2;3;4;4;4;4;4;4;4;4;4;4;4;4;4;4;4;4;4;4;4;4;4;4;4;4;4;4;4;4;3;3;3;3;3;3;3
386;0;1;1;0;5;5;5;5;5;5;2;2;1;2;4;2;5;4;5;5;5;5;5;5;5;5;5;5;5;5;5;5;5;5;5;5;5;5;5;5;5;5;5;5;5;5;5;5;5;5;5;5;5;5;5;5;5;5;5;5;5;5;5;5;5;5;5;5;5;5;5;5;5;5;5
387;0;1;1;0;4;4;4;4;4;4;3;3;3;3;3;3;3;3;3;2;3;3;3;3;3;4;4;4;4;4;3;3;3;3;3;3;3;3;3;3;3;3;3;3;3;3;3;3;3;3;3;3;3;4;4;4;4;4;5;5;5;5;5;5;5;5;5;5;4;4;4;4;5;5;5
388;0;1;1;0;4;3;5;5;4;4;2;3;3;3;3;3;4;4;4;3;4;3;2;4;4;3;3;4;3;2;3;2;2;3;4;3;4;3;3;4;3;4;3;4;3;4;3;4;3;4;3;4;3;3;4;3;4;3;3;4;3;4;3;4;3;4;3;4;4;5;4;5;4;5;4
389;0;1;1;0;4;5;5;5;4;4;2;3;3;3;2;3;3;3;3;3;3;3;3;3;4;3;4;5;5;5;4;3;3;3;4;4;4;3;3;4;4;3;3;4;3;4;4;3;3;4;3;3;3;4;5;5;5;4;4;4;4;4;4;4;4;4;4;4;4;4;4;4;4;3;4
390;0;1;1;0;4;4;4;4;4;4;2;2;2;2;3;2;2;2;3;3;2;1;2;4;4;4;4;4;2;2;3;3;3;2;2;3;3;2;2;2;3;3;2;2;3;4;3;3;2;2;2;2;2;4;4;4;3;2;3;4;4;4;4;4;4;4;4;3;4;4;4;4;4;4;4
391;0;1;1;0;2;5;5;5;5;5;3;2;3;4;4;2;4;4;4;4;3;3;2;4;4;4;4;4;4;4;3;3;3;4;3;3;2;2;2;2;4;4;3;4;4;4;4;4;4;4;4;4;3;5;5;4;5;4;5;5;5;5;5;5;5;5;5;5;5;4;5;5;5;5;5
392;0;1;1;0;5;5;5;5;5;3;2;2;2;2;2;2;4;5;4;4;4;4;5;5;5;3;4;5;3;5;5;4;5;5;5;5;5;3;2;4;5;4;3;5;3;5;5;3;3;4;4;5;5;3;5;5;5;3;5;4;5;5;5;4;5;3;4;4;5;5;5;4;5;5;4
393;1;1;1;0;4;4;4;4;4;4;3;3;3;3;3;3;2;2;2;2;2;2;2;2;2;2;2;2;2;2;2;2;2;2;2;3;3;2;1;3;2;2;2;2;2;3;2;2;2;2;2;2;2;3;3;4;3;4;4;4;3;4;4;3;5;4;5;3;4;4;4;4;4;4;4
394;1;1;1;0;4;4;4;4;4;4;3;3;4;4;3;3;3;3;3;3;3;4;2;4;4;2;2;3;2;2;3;3;2;2;3;3;3;3;3;2;4;4;3;3;4;3;3;4;3;3;4;4;4;4;3;4;3;4;3;4;3;4;3;4;3;4;3;4;3;3;3;3;3;3;3
395;1;1;1;0;3;3;3;3;3;3;3;2;3;3;3;3;3;3;3;3;2;4;4;3;3;3;3;4;3;3;4;4;3;4;3;4;3;3;3;4;2;4;3;4;4;4;4;4;4;3;3;4;4;4;4;4;4;3;4;4;4;4;4;4;4;4;4;4;4;4;3;4;4;4;4
396;1;1;1;0;3;3;3;3;3;3;3;3;3;3;3;3;3;3;3;3;3;4;4;3;3;4;4;4;3;3;3;4;4;4;3;4;4;3;3;4;4;3;3;3;3;4;4;4;4;4;4;4;4;4;4;4;4;4;4;4;4;4;4;4;4;4;4;4;3;3;3;3;4;4;4
397;1;1;1;0;1;1;1;1;1;1;3;3;3;3;3;3;3;3;3;3;3;3;3;3;3;3;3;3;3;3;3;3;3;3;3;3;3;3;3;3;3;3;3;3;3;3;3;3;3;3;3;3;3;3;3;3;3;3;3;3;3;3;3;3;3;3;3;3;3;3;3;3;3;3;3
398;1;1;1;0;5;5;5;5;5;5;3;4;3;3;4;3;3;3;3;3;3;4;4;4;4;4;4;4;4;4;4;4;4;4;4;4;4;4;4;4;4;4;4;4;4;4;4;4;4;4;4;4;4;5;5;5;5;5;5;5;5;5;4;4;4;4;4;4;5;5;5;5;4;4;4
399;1;1;1;0;4;4;4;4;4;4;3;3;3;3;3;3;3;3;3;3;3;3;3;3;3;3;3;3;3;3;3;3;3;3;3;3;3;3;3;3;3;3;3;3;3;3;3;3;3;3;3;3;3;3;3;3;3;3;3;3;3;3;3;3;3;3;3;3;3;3;3;3;3;3;3
400;0;1;1;0;4;4;4;4;4;4;3;3;3;3;3;3;4;4;4;4;4;3;3;3;3;3;3;3;3;3;3;3;3;3;3;3;3;3;3;3;3;3;3;2;2;3;1;3;3;3;3;3;3;3;3;3;3;3;3;3;3;3;3;3;3;3;3;3;4;4;4;4;4;4;4
401;1;1;1;0;4;4;4;4;4;4;3;3;3;3;3;3;3;3;3;3;3;2;3;2;2;2;3;1;1;1;3;2;2;2;4;4;4;3;2;2;1;1;1;4;3;3;2;2;2;2;2;2;2;4;4;4;4;4;4;4;4;4;4;4;4;4;4;4;5;5;5;5;5;5;5
402;0;1;1;0;4;3;4;4;4;4;3;4;3;4;4;4;3;4;4;3;2;3;4;3;4;3;2;4;4;4;3;2;4;4;5;5;4;3;2;2;2;3;4;3;3;2;3;2;4;3;2;2;3;5;5;4;4;5;3;4;5;4;4;3;4;3;4;5;4;3;5;5;4;3;4
403;1;1;1;0;3;4;4;4;5;4;3;3;3;3;2;3;3;3;3;2;3;4;3;4;3;3;3;3;4;3;3;3;3;3;4;3;2;3;4;3;3;3;3;3;3;3;3;3;3;3;4;4;4;4;4;4;3;4;4;3;4;4;3;3;4;4;3;3;4;4;4;4;3;3;4
404;0;1;1;0;3;3;3;3;3;3;3;3;3;3;3;3;4;4;4;4;4;5;4;5;4;5;4;5;4;4;3;3;3;5;5;5;5;5;4;4;5;5;4;5;5;5;4;5;4;4;5;4;5;5;5;5;5;5;4;5;5;5;5;5;5;5;5;5;4;4;3;4;4;4;4
405;1;1;1;0;3;5;5;5;4;4;3;3;2;3;4;4;4;3;3;2;2;2;3;4;4;2;4;2;1;1;4;3;3;1;1;1;1;2;2;1;2;2;2;2;2;2;2;3;1;3;1;3;1;1;2;1;4;3;3;3;2;3;3;2;3;4;3;4;2;4;3;3;3;3;3
406;0;1;1;0;3;4;4;3;4;4;5;3;4;4;4;4;2;3;1;1;2;4;3;4;3;2;3;2;2;3;2;3;3;2;3;3;3;2;1;3;2;5;3;3;3;4;4;3;3;2;3;3;3;3;4;4;4;3;4;4;4;4;4;4;4;4;4;4;3;3;4;3;3;4;3
407;1;1;1;0;5;5;5;5;5;5;4;3;4;3;5;5;2;2;2;2;2;4;3;2;3;3;4;4;1;3;3;1;1;4;2;4;2;2;5;1;3;2;1;2;3;1;1;2;1;4;2;2;2;2;1;3;3;3;3;4;5;5;5;4;3;4;3;5;4;3;3;3;3;3;3
408;0;1;1;0;4;4;4;4;5;5;3;3;3;3;3;3;3;3;3;3;3;3;3;3;4;4;3;3;3;3;3;4;3;3;3;3;3;3;3;3;3;3;3;3;3;3;3;3;3;3;3;3;3;1;1;1;1;1;1;1;1;1;1;1;1;1;1;1;4;4;4;4;4;4;4
409;1;1;1;0;3;5;5;5;5;5;5;4;5;4;5;5;3;2;1;2;2;5;3;5;2;4;2;4;1;2;4;4;1;3;4;3;5;2;2;4;2;5;5;2;2;2;3;3;3;3;3;3;3;5;5;5;5;5;5;5;5;5;4;4;5;4;3;4;3;4;5;5;5;5;4
410;1;1;1;0;2;4;5;3;5;5;3;3;4;4;4;4;4;4;3;4;4;3;3;3;3;3;3;3;3;3;3;3;3;3;3;3;3;3;3;3;3;3;3;3;3;3;3;3;3;3;3;3;3;4;4;4;4;3;4;4;3;3;3;4;3;2;5;3;4;3;4;3;3;3;3
411;1;1;1;0;4;5;5;5;5;3;2;3;3;3;4;2;3;4;3;3;2;2;3;3;4;3;3;3;4;4;4;3;3;3;3;4;4;3;3;3;3;3;3;3;2;3;3;3;3;3;3;3;3;3;3;3;3;3;3;3;3;3;3;3;3;3;3;3;3;3;3;3;4;4;4
412;1;1;1;0;3;3;5;4;4;4;4;4;4;4;4;4;3;3;3;3;3;2;2;2;2;2;2;2;2;2;2;2;2;2;2;2;2;2;2;2;2;2;2;2;2;2;2;2;2;2;2;2;2;2;2;2;2;2;3;3;3;3;3;3;3;3;3;3;3;3;3;3;3;3;3
413;0;1;1;0;3;4;5;5;3;4;3;3;4;4;4;3;4;3;3;4;3;4;5;5;4;3;5;3;2;3;4;4;3;2;4;3;3;2;1;3;3;4;2;5;5;5;4;4;3;5;3;4;4;4;3;3;3;3;4;4;4;4;4;4;4;4;4;4;3;3;3;3;3;3;3
414;1;1;1;0;4;4;4;3;2;2;4;3;4;3;5;4;3;2;2;2;2;2;3;4;3;3;2;4;3;2;3;2;2;4;4;3;3;4;3;3;4;3;4;3;4;4;4;4;4;3;3;4;4;4;5;5;5;3;5;5;5;5;5;5;4;4;5;4;4;4;3;4;3;3;3
415;1;0;0;0;;;;;;;1;1;1;1;1;1;4;4;4;4;4;2;2;3;4;4;4;4;4;2;4;4;4;3;3;3;3;3;3;3;4;4;4;4;4;4;4;4;4;4;4;4;4;5;5;5;5;5;5;5;5;5;5;5;5;5;5;5;5;5;5;5;5;5;4
416;0;1;1;0;3;3;5;5;5;5;4;3;4;3;5;5;4;4;4;4;3;4;3;5;4;5;3;4;3;1;2;1;1;2;4;4;5;4;3;1;5;2;4;1;3;3;5;3;1;3;1;4;4;4;4;4;4;4;4;4;4;4;4;4;4;4;4;4;3;4;4;4;3;4;4
417;1;1;1;0;4;4;4;4;4;4;3;3;3;3;3;3;3;3;3;3;3;3;3;3;3;3;3;3;3;3;3;3;3;3;3;3;3;3;3;3;3;3;3;3;3;3;3;3;3;3;3;3;3;3;3;3;3;3;3;3;3;3;3;3;3;3;3;3;3;3;3;3;3;3;3
418;1;1;1;0;4;4;4;4;4;4;3;3;3;3;3;3;3;3;3;2;2;2;2;2;2;2;2;2;2;2;3;3;3;3;3;3;3;3;3;3;3;3;3;3;3;3;3;3;3;3;3;3;3;3;3;3;3;3;3;3;3;3;3;3;3;3;3;3;3;3;3;3;3;3;3
419;1;1;1;0;4;4;4;4;3;3;3;4;4;4;3;3;2;3;3;3;3;4;4;4;4;4;3;4;4;3;4;4;4;4;4;4;4;4;4;4;3;4;4;4;4;4;4;4;4;5;5;5;5;5;5;5;5;5;4;4;4;4;4;4;4;4;4;4;5;5;5;5;5;5;5
420;0;1;1;0;5;5;5;5;5;5;3;3;3;3;3;3;3;3;4;2;4;2;4;3;4;3;3;5;3;4;3;4;5;3;5;3;5;3;5;3;3;4;3;2;5;2;2;4;3;3;5;3;4;2;4;3;4;3;5;3;4;4;5;3;5;4;3;5;5;4;3;4;5;3;4
421;1;1;1;0;5;5;5;5;5;5;3;2;2;2;2;2;2;2;3;2;2;3;4;3;4;3;4;4;4;3;4;3;3;4;2;3;3;4;4;3;3;4;4;3;3;4;4;4;4;4;4;4;4;4;2;3;3;3;4;4;4;4;4;4;3;3;3;3;4;4;4;4;4;4;4
422;1;1;1;0;3;3;4;3;4;4;3;3;4;4;4;3;2;2;2;2;2;2;3;4;4;4;4;4;2;1;4;4;4;4;3;4;4;2;2;2;3;3;3;3;3;3;3;3;3;3;3;3;3;3;3;3;3;3;3;3;3;3;3;3;3;3;3;3;3;3;3;3;3;3;3
423;1;1;1;0;2;2;3;3;4;4;3;3;3;3;3;3;3;3;3;3;3;3;4;5;5;4;4;4;4;4;4;3;4;3;3;4;4;3;3;4;3;3;4;4;4;4;4;4;3;4;3;3;4;4;4;4;4;4;4;4;4;4;5;4;5;4;4;4;4;4;3;3;4;4;3
424;1;1;1;0;5;3;4;5;4;3;4;3;3;4;4;4;3;2;2;3;2;4;4;3;3;4;4;4;2;4;4;4;3;3;4;4;4;4;4;3;3;4;2;2;2;3;3;3;3;3;3;3;3;4;4;4;4;4;3;3;3;3;3;3;3;3;3;3;2;4;4;5;4;4;4
425;0;1;1;0;4;4;4;4;4;4;3;3;3;3;3;3;3;3;3;3;3;3;3;3;3;3;3;3;3;3;3;3;3;3;3;3;3;3;3;3;3;3;3;3;3;3;3;3;3;3;3;3;3;3;3;3;3;3;3;3;3;3;3;3;3;3;3;3;3;3;3;3;3;3;3
426;0;1;1;0;4;4;5;4;4;4;3;3;4;4;4;4;3;3;3;4;3;4;4;3;4;3;4;3;3;3;4;3;4;3;3;4;4;3;3;3;4;3;3;3;4;4;4;3;3;4;3;3;4;3;4;4;3;2;4;3;4;4;3;4;3;3;4;3;4;4;4;4;3;4;3
427;0;1;1;0;5;3;4;4;4;3;5;4;5;5;5;4;2;1;2;3;1;4;4;4;4;4;4;4;4;4;3;3;3;3;3;4;4;2;2;3;2;3;3;4;3;3;4;4;3;3;3;3;4;5;5;5;5;5;5;5;5;5;5;5;5;5;5;5;4;4;4;4;4;4;4
428;1;1;1;0;4;5;3;4;5;2;3;2;4;2;4;1;4;2;4;3;2;4;2;3;3;1;4;4;2;3;3;2;3;2;2;2;2;3;2;2;3;4;1;4;4;5;4;2;2;2;4;4;3;4;4;3;3;3;3;5;3;2;5;5;5;5;4;4;4;3;4;3;4;3;4
429;1;1;1;0;5;4;5;4;5;5;2;2;3;3;3;3;4;4;4;4;4;4;4;4;3;3;4;4;3;5;4;4;5;5;4;5;5;3;3;5;4;3;3;4;5;5;5;5;5;5;4;5;5;4;4;5;5;2;3;3;3;3;4;5;5;4;5;5;4;4;4;4;4;4;4
430;1;1;1;0;4;4;4;4;4;4;2;2;2;3;2;2;2;2;2;3;4;3;3;3;3;3;3;4;3;3;4;4;4;3;3;3;3;2;1;2;2;1;1;3;3;3;3;3;3;2;2;2;3;3;3;3;3;3;3;3;3;3;2;2;2;2;2;2;3;3;3;4;2;3;3
431;0;1;1;0;4;4;4;4;4;4;4;4;4;4;4;4;4;4;4;4;4;3;3;3;3;3;3;3;3;3;3;3;3;3;3;3;3;3;3;3;3;3;3;3;3;3;3;3;3;3;3;3;3;4;4;4;4;4;4;4;4;4;4;4;4;4;4;4;4;4;4;4;4;4;4
432;0;1;1;0;5;5;5;4;5;4;3;2;3;3;4;1;5;2;5;3;2;3;4;4;4;2;4;4;3;4;4;4;4;3;4;4;4;5;4;4;4;4;1;5;4;4;4;4;4;4;4;4;4;4;5;5;3;3;4;4;5;5;5;5;4;4;4;4;4;4;5;4;3;5;5
433;0;1;1;0;4;4;5;4;5;5;4;3;3;3;3;3;5;4;5;4;3;3;3;4;4;4;3;5;3;3;3;3;3;5;4;4;4;3;3;4;3;3;2;2;2;4;4;4;2;3;3;4;4;2;4;4;4;2;4;4;4;4;4;5;4;4;5;2;4;4;3;4;4;4;4
434;1;1;1;0;5;4;5;5;5;5;3;3;4;3;3;4;2;2;2;3;2;4;4;3;3;3;2;4;3;2;3;2;2;3;3;4;3;3;2;2;3;3;3;3;2;4;4;3;3;2;3;3;2;3;3;3;3;3;3;3;3;3;3;3;3;3;3;3;4;4;3;4;3;3;3
435;1;1;1;0;4;4;4;2;4;4;3;3;3;3;4;4;3;3;3;3;3;3;3;3;3;3;3;3;3;3;3;3;3;3;3;3;3;3;3;3;3;3;3;3;3;3;3;3;3;3;3;3;3;4;4;4;4;4;3;3;5;4;3;3;3;3;3;3;3;3;3;3;3;3;3
436;1;0;0;0;;;;;;;3;4;3;2;3;3;3;3;3;3;3;4;4;2;3;3;3;3;3;3;3;3;3;3;3;3;3;3;3;3;3;3;3;3;3;3;3;3;3;3;3;3;3;3;3;3;3;3;3;3;3;3;3;3;3;3;3;3;3;3;3;3;3;3;3
437;1;1;1;0;4;4;4;4;4;4;3;3;3;3;3;3;3;3;3;3;3;4;4;4;4;4;4;4;4;4;4;4;4;4;4;4;4;4;4;4;4;4;4;4;4;4;4;4;4;4;4;4;4;4;4;4;4;4;4;4;4;4;4;4;4;4;4;4;4;4;4;4;4;4;4
438;0;1;1;0;5;5;5;5;5;5;4;5;5;5;5;5;3;4;2;3;5;5;5;5;5;5;5;5;5;5;5;5;5;5;5;5;5;5;5;5;5;5;5;5;5;5;5;5;5;5;5;5;5;5;5;5;5;5;5;5;5;5;5;5;5;5;5;5;5;5;5;5;5;5;5
439;1;1;1;0;3;3;4;4;4;4;3;3;3;2;3;3;3;2;3;3;3;3;3;3;3;3;3;3;2;2;3;3;3;3;3;3;3;3;2;3;3;3;3;3;3;3;4;4;3;3;3;3;3;3;3;3;3;2;3;3;3;3;3;3;3;3;3;3;3;3;3;3;4;4;3
440;0;1;1;0;4;3;3;4;4;3;3;4;4;4;3;4;4;3;4;3;4;4;4;4;3;4;4;4;3;4;4;3;4;4;4;4;4;4;5;5;4;5;5;4;4;5;4;5;5;4;5;4;5;5;4;5;5;4;5;4;4;5;4;3;4;4;3;4;5;4;5;4;3;3;4
441;1;1;1;0;5;5;5;5;5;5;3;3;3;3;3;3;3;3;3;3;3;3;3;3;3;3;3;3;3;3;3;3;3;3;3;3;3;3;3;3;3;3;3;3;3;3;3;3;3;3;3;3;3;3;3;3;3;3;3;3;3;3;3;3;3;3;3;3;3;3;3;3;3;3;3
442;0;1;1;0;5;5;5;5;5;5;4;5;5;5;5;5;5;3;5;4;5;3;4;3;5;5;5;5;5;5;2;4;5;2;3;4;5;2;4;2;5;4;1;5;5;5;5;5;5;5;2;5;3;1;2;2;1;2;2;4;4;4;2;2;2;4;2;1;4;4;3;4;4;4;4
443;0;1;1;0;5;5;5;4;5;5;3;2;3;3;4;4;2;2;2;3;2;4;4;5;4;5;5;4;4;5;3;4;3;4;4;4;4;5;5;5;4;4;4;4;3;4;4;4;4;4;4;4;4;5;4;5;5;4;5;4;4;5;5;5;5;4;4;5;4;4;4;4;5;5;5
444;0;1;1;0;4;4;5;4;4;4;3;2;2;2;2;2;3;3;4;3;2;4;4;4;4;4;4;4;4;2;3;3;4;3;3;4;3;4;3;4;3;3;4;3;3;2;4;4;4;2;4;4;5;4;4;4;4;4;4;4;4;5;5;5;4;1;5;5;4;4;4;4;4;4;4
445;1;1;1;0;5;4;5;5;5;5;4;2;4;4;4;4;3;3;4;4;3;4;5;5;4;5;5;4;5;4;4;5;4;4;5;5;3;5;5;5;4;4;2;4;4;5;5;4;4;5;5;5;4;5;5;5;5;4;4;4;4;5;5;5;4;4;5;5;5;5;5;4;5;5;4
446;0;1;1;0;3;2;3;4;1;1;5;5;4;5;5;5;2;1;1;1;2;4;3;4;4;5;4;4;5;4;5;4;4;4;4;5;4;4;5;4;4;5;1;3;3;3;4;5;4;4;5;2;5;5;5;5;4;5;4;4;5;4;5;4;4;5;4;5;4;5;5;5;4;4;5
447;0;1;1;0;5;5;5;4;4;4;3;3;4;4;4;4;3;4;3;2;2;2;4;4;4;4;5;4;4;4;5;4;4;5;4;5;4;4;3;2;4;4;5;5;5;5;5;5;4;5;5;3;5;4;5;5;5;5;5;4;4;4;4;5;4;5;4;4;5;5;5;4;3;4;4
448;0;1;1;0;4;4;5;4;4;4;3;4;4;4;4;3;4;3;2;3;3;4;4;3;3;4;4;4;3;4;3;3;3;3;3;4;4;4;4;3;3;4;4;3;4;3;4;3;3;4;4;3;4;3;4;4;3;3;3;3;3;3;4;3;4;2;4;4;4;3;3;4;4;4;3
449;0;1;1;0;4;4;5;4;4;4;3;4;4;2;2;2;3;4;4;3;5;4;4;4;3;2;3;4;4;1;3;2;4;2;2;4;3;1;1;5;3;4;2;4;4;5;3;3;4;3;5;5;5;3;4;5;3;4;3;4;5;3;4;5;3;4;3;4;5;4;4;4;3;4;3
450;1;1;1;0;5;4;5;5;5;5;3;4;3;2;3;2;4;4;3;5;4;4;5;4;5;4;5;5;4;3;4;3;4;4;4;5;4;4;4;3;3;4;3;4;4;4;4;5;4;5;4;4;5;5;4;4;5;4;5;4;5;4;5;4;5;5;4;4;5;4;4;5;5;4;4
451;0;1;1;0;5;4;5;5;5;4;4;5;4;4;5;4;5;3;4;4;5;2;5;3;4;3;5;4;3;4;4;3;4;4;3;3;4;4;4;3;4;3;4;5;4;3;5;4;3;4;3;4;5;5;4;3;4;4;5;4;3;4;4;3;5;4;3;4;4;3;5;3;5;4;5
452;0;1;1;0;5;5;5;5;5;5;5;5;5;5;5;5;5;5;5;5;5;5;5;5;4;4;4;4;4;5;4;4;3;5;5;5;5;4;5;5;5;5;2;5;4;5;5;4;5;5;4;5;4;5;5;4;5;5;4;5;3;5;4;3;4;4;3;4;5;4;4;3;4;3;4
453;1;1;1;0;2;2;2;2;2;2;2;1;2;2;2;2;3;3;3;2;3;2;2;2;2;2;2;3;2;2;2;2;2;2;2;3;2;3;2;3;2;3;2;2;2;2;2;2;2;2;2;2;2;2;2;2;2;2;3;2;2;2;2;2;3;3;2;3;2;2;4;2;4;2;4
454;1;1;1;0;5;4;5;5;5;3;3;2;3;4;4;4;4;3;3;4;2;4;3;3;4;4;4;4;2;3;3;3;3;3;3;3;3;3;3;3;3;3;3;3;3;3;3;3;3;3;3;3;3;4;4;4;4;4;4;4;4;4;4;4;4;4;4;4;4;4;4;4;4;4;4
455;1;1;1;0;3;3;3;3;3;3;3;3;3;3;3;3;3;3;3;3;3;4;4;3;3;3;3;3;3;3;3;3;3;3;3;3;3;3;3;3;4;3;3;3;3;3;3;3;3;3;3;3;3;4;3;3;3;3;3;3;3;3;3;3;3;3;3;3;4;4;4;4;3;3;3
456;1;1;1;0;5;5;5;5;5;5;4;4;4;4;4;4;4;4;4;4;4;4;4;4;4;4;4;4;4;4;4;4;4;4;4;4;4;4;4;4;4;4;4;4;4;4;4;4;4;4;4;4;4;4;4;4;4;4;4;4;4;4;4;4;4;4;4;4;5;5;5;5;4;4;4
457;0;1;1;0;5;5;5;5;5;5;4;4;4;4;4;4;3;3;3;3;3;3;3;3;2;2;2;2;2;2;3;3;3;3;3;3;3;3;3;3;3;3;3;3;2;2;2;2;2;2;2;2;2;2;2;2;2;2;2;2;2;2;4;4;4;4;4;4;3;3;3;3;3;3;3
458;0;1;1;0;5;5;5;3;5;5;3;3;3;3;3;3;3;3;3;3;3;4;4;3;4;3;4;4;4;2;2;2;3;4;4;4;3;3;3;4;2;3;3;3;2;3;4;3;3;3;3;3;3;3;4;4;5;4;2;2;4;4;5;3;2;2;2;3;3;4;2;4;3;4;4
459;0;1;1;0;4;3;4;4;4;4;3;4;3;4;4;4;3;4;4;3;2;3;4;3;4;3;2;4;4;4;3;2;4;4;5;5;4;3;2;2;2;3;4;3;3;2;3;2;4;3;2;2;3;5;5;4;4;5;3;4;5;4;4;3;4;3;4;5;4;3;5;5;4;3;4
460;0;1;1;0;4;4;4;4;4;4;4;4;4;4;4;4;2;2;2;2;2;3;2;3;2;3;3;3;2;3;3;2;3;3;3;3;3;3;3;3;3;3;2;2;3;3;3;3;3;2;3;3;2;4;4;4;4;4;4;4;4;4;4;4;4;4;4;4;4;4;4;4;4;4;4
461;1;1;1;0;3;3;4;3;3;4;3;4;4;4;4;3;2;2;3;2;3;2;3;3;4;3;3;3;2;2;2;3;3;3;2;2;2;3;2;4;4;2;2;4;2;4;3;2;2;2;3;3;2;3;3;3;3;3;3;2;3;3;3;3;2;3;3;3;3;3;3;4;3;4;4
462;1;1;1;0;4;5;5;3;5;5;4;3;3;4;4;3;1;1;1;1;1;1;1;5;5;5;5;5;5;5;5;5;5;5;5;5;5;5;5;5;5;1;5;5;5;5;5;5;5;4;5;5;5;5;5;5;5;5;5;5;5;5;5;5;5;5;5;5;5;5;5;5;5;5;5
463;0;1;1;0;5;5;5;5;5;3;2;2;2;2;2;2;4;5;4;4;4;4;5;5;5;3;4;5;3;5;5;4;5;5;5;5;5;3;2;4;5;4;3;5;3;5;5;3;3;4;4;5;5;3;5;5;5;3;5;4;5;5;5;4;5;3;4;4;5;5;5;4;5;5;4
464;0;1;1;0;1;5;1;3;3;3;5;5;5;3;2;1;1;2;2;3;3;1;2;1;1;5;1;1;1;2;3;1;1;3;5;5;5;5;1;3;4;1;2;1;2;2;1;3;3;1;1;1;1;1;1;2;1;1;1;1;1;5;1;1;3;1;2;1;3;2;1;1;1;1;2
465;1;1;1;0;4;3;4;2;4;3;2;4;3;1;1;1;2;3;1;2;3;3;2;2;2;1;2;2;3;2;3;2;2;2;3;2;2;3;3;3;3;2;3;2;2;3;3;2;3;2;3;2;3;3;4;3;4;4;3;3;3;4;3;4;3;3;3;4;4;3;3;4;3;3;4
466;1;1;1;0;4;3;4;3;4;4;4;4;3;4;3;5;2;3;2;2;2;4;4;5;5;4;3;5;4;4;4;4;4;4;4;4;4;3;5;4;4;3;4;4;4;4;5;4;4;3;4;5;4;5;4;4;4;4;4;4;5;4;4;4;4;4;4;4;4;4;4;4;5;4;5
467;0;1;1;0;5;5;5;5;5;5;3;3;3;3;3;3;3;3;3;3;3;3;3;3;3;3;3;3;3;3;3;3;3;3;3;3;3;3;3;3;3;3;3;3;3;3;3;3;3;3;3;3;3;3;3;3;3;3;3;3;3;3;3;3;3;3;3;3;3;3;3;3;3;3;3
468;0;1;1;0;3;2;4;3;3;3;4;5;5;4;4;3;2;3;3;2;4;4;5;3;4;3;4;3;4;4;3;4;4;5;4;3;4;3;4;3;4;4;4;3;3;4;5;5;4;4;4;5;4;4;5;4;5;4;4;4;4;3;4;4;4;4;5;5;5;4;5;5;4;4;4
469;0;1;1;0;5;5;5;5;5;5;3;3;3;3;3;3;3;3;3;4;3;4;4;4;4;4;4;4;4;4;4;4;4;5;5;5;5;5;5;5;5;4;4;4;4;4;4;4;4;4;4;4;4;4;4;4;4;4;4;4;4;4;4;4;4;4;4;4;4;4;4;4;4;4;4
470;1;1;1;0;5;5;5;5;5;5;2;2;2;2;2;2;4;4;4;4;4;4;4;4;4;4;4;4;4;4;4;4;4;4;4;4;4;4;4;4;4;4;4;4;4;4;4;4;4;4;4;4;4;4;4;4;4;4;4;4;4;4;4;4;4;4;4;4;4;4;4;4;4;4;4
471;1;1;1;0;5;5;5;3;5;3;4;4;4;3;4;5;4;3;3;2;1;2;4;4;4;4;3;4;2;1;3;3;3;4;3;5;4;2;2;4;2;4;2;4;4;4;4;4;4;2;4;4;5;4;5;5;4;4;5;5;4;5;5;4;4;4;4;4;4;3;5;3;5;5;5
472;1;1;1;0;5;5;5;5;5;5;4;3;4;3;5;5;2;2;2;2;2;4;3;2;3;3;4;4;1;3;3;1;1;4;2;4;2;2;5;1;3;2;1;2;3;1;1;2;1;4;2;2;2;2;1;3;3;3;3;4;5;5;5;4;3;4;3;5;4;3;3;3;3;3;3
473;0;1;1;0;3;3;3;1;3;3;3;3;3;3;3;3;3;3;3;3;3;4;3;3;3;4;3;3;3;4;3;3;3;3;3;3;3;2;3;2;3;2;2;2;2;2;3;3;3;3;3;3;3;3;3;4;2;2;3;2;3;2;2;2;2;2;2;2;2;2;3;2;2;2;2
474;0;1;1;0;4;4;4;4;4;4;5;5;5;5;5;5;2;2;2;2;2;3;3;4;4;4;2;4;3;4;4;4;4;4;3;4;4;2;2;3;3;2;4;3;3;3;4;4;4;3;3;4;4;4;4;4;4;4;4;4;4;4;4;4;4;4;4;4;4;4;4;4;4;4;4
475;0;1;1;0;4;4;4;4;4;4;3;4;4;3;3;3;2;3;3;3;3;4;3;3;3;3;3;3;3;3;3;3;3;3;3;3;3;3;3;3;3;3;3;3;3;3;3;3;3;3;3;3;3;3;3;3;3;3;3;2;3;3;3;3;3;3;3;3;3;3;3;3;3;3;3
476;0;1;1;0;5;5;5;4;4;4;3;3;4;4;4;4;3;4;3;2;2;2;4;4;4;4;5;4;4;4;5;4;4;5;4;5;4;4;3;2;4;4;5;5;5;5;5;5;4;5;5;3;5;4;5;5;5;5;5;4;4;4;4;5;4;5;4;4;5;5;5;4;3;4;4
477;1;1;1;0;3;3;4;3;5;5;4;3;4;4;4;4;3;3;3;3;3;4;4;4;4;4;4;4;4;4;4;3;4;4;3;4;3;4;4;3;3;3;4;4;4;4;3;3;3;3;3;4;3;4;4;4;4;4;4;4;4;4;4;4;4;4;4;4;4;4;4;4;3;3;3
478;1;1;1;0;5;5;5;5;5;5;1;1;1;1;1;1;4;3;4;5;5;3;3;4;5;5;5;5;5;5;4;4;5;3;5;5;5;3;3;3;3;4;2;4;4;5;5;5;5;5;5;5;5;5;5;5;5;5;5;5;5;5;5;5;5;5;5;5;5;5;5;5;5;5;5
479;1;1;1;0;3;5;5;4;5;4;5;4;5;5;5;3;2;2;2;3;2;2;2;2;2;3;3;4;3;3;3;3;3;3;2;3;3;4;4;3;3;2;3;3;3;4;4;4;4;3;4;4;4;4;4;4;4;4;4;4;4;4;5;5;5;5;5;5;5;5;4;5;5;5;5
480;1;1;1;0;2;4;3;1;2;5;5;4;5;5;5;5;1;1;1;1;1;2;2;3;3;2;2;2;1;1;2;2;2;1;1;1;2;2;1;2;1;1;1;1;3;3;2;1;1;1;2;1;1;2;3;3;3;2;2;3;3;3;2;2;1;2;3;2;1;1;1;1;1;1;1
481;1;1;1;0;4;4;4;4;4;4;3;3;3;3;3;3;3;3;3;3;3;3;3;3;3;3;3;3;3;3;3;3;3;3;3;3;3;3;3;3;3;3;3;3;3;3;3;3;3;3;3;3;3;3;3;3;3;3;3;3;3;3;3;3;3;3;3;3;3;3;3;3;3;3;3
482;1;1;1;0;5;5;5;5;5;5;3;2;2;2;2;2;2;2;3;2;2;3;4;3;4;3;4;4;4;3;4;3;3;4;2;3;3;4;4;3;3;4;4;3;3;4;4;4;4;4;4;4;4;4;2;3;3;3;4;4;4;4;4;4;3;3;3;3;4;4;4;4;4;4;4
483;0;1;1;0;3;3;3;3;3;3;3;4;3;3;3;3;2;2;2;2;2;4;4;4;3;2;4;2;2;2;3;3;3;2;2;2;2;2;2;2;4;4;4;2;3;3;4;4;4;2;4;2;4;3;3;3;3;3;3;3;3;3;4;4;4;4;4;4;4;4;4;4;4;4;4
484;0;1;1;0;4;3;5;2;2;5;4;4;4;4;5;5;2;2;1;1;1;3;4;5;3;2;3;5;2;2;2;2;3;2;3;4;5;4;5;4;4;4;2;4;4;4;5;5;5;5;5;4;5;4;4;5;5;5;4;5;5;5;4;4;4;5;5;4;4;4;5;5;3;4;5
485;1;1;1;0;3;3;3;4;4;4;2;3;2;2;3;3;2;3;2;2;3;2;3;2;2;3;3;3;3;3;2;2;3;3;2;2;2;2;3;2;3;2;3;2;2;3;3;2;2;3;2;2;3;2;3;3;2;2;2;3;2;3;2;3;3;2;2;3;2;2;2;2;2;3;3
486;1;1;1;0;5;5;5;3;4;5;3;3;3;4;4;4;2;3;2;3;2;2;2;2;4;4;3;4;4;4;4;3;4;4;3;3;4;2;3;3;3;3;4;4;3;4;4;4;3;3;3;3;4;4;3;5;5;4;5;4;4;5;5;5;4;5;5;2;5;5;4;4;4;5;2
487;0;1;1;0;2;2;2;2;3;2;3;2;3;2;2;2;2;3;3;2;3;2;3;3;2;2;2;2;3;2;2;3;2;2;3;3;2;2;2;3;2;2;3;3;3;3;2;3;3;3;3;3;3;2;3;2;3;2;2;3;3;3;3;3;2;3;3;2;2;3;2;2;2;3;3
488;1;1;1;0;3;4;4;3;4;3;3;3;3;2;2;3;3;3;3;3;3;3;3;3;3;3;4;3;4;3;3;3;2;3;3;3;3;3;3;3;3;3;3;3;3;3;3;3;3;3;3;3;3;3;4;4;3;3;4;3;2;3;5;4;3;4;3;3;3;4;3;4;3;3;4
489;1;0;0;1;;;;;;;4;4;2;4;4;2;3;4;2;4;4;3;3;2;3;2;4;4;1;1;4;4;4;2;3;2;4;3;2;2;2;2;1;4;2;4;4;4;4;2;3;4;4;4;4;4;4;1;4;3;4;3;5;5;4;2;4;4;4;4;4;4;1;1;1
490;1;1;1;0;5;5;5;3;5;5;2;2;3;3;3;3;3;3;3;3;3;2;2;3;3;3;3;2;2;3;2;3;3;3;3;4;2;2;2;2;4;4;2;2;2;3;2;2;2;2;2;3;3;4;4;4;4;4;5;5;5;5;5;5;5;5;5;5;4;4;2;4;4;4;4
491;0;1;1;0;3;3;3;3;3;3;3;3;3;3;3;3;2;2;2;2;2;3;3;3;2;2;2;3;3;3;3;3;3;3;3;3;3;3;3;3;3;3;3;3;3;3;4;4;3;4;3;3;3;3;3;3;3;3;3;3;3;3;3;3;3;3;3;3;3;3;3;3;4;4;4
492;0;1;1;0;5;5;5;5;4;5;5;4;5;5;4;5;3;2;3;3;2;4;3;4;3;4;3;4;5;3;5;4;3;3;4;3;5;3;3;4;4;5;3;5;4;4;4;5;4;5;4;5;3;4;3;5;5;4;5;4;5;5;4;5;4;5;4;5;4;5;3;5;5;4;3
493;0;1;1;0;3;5;5;5;5;5;3;3;3;3;4;3;4;4;4;4;4;4;4;4;4;4;4;3;3;3;3;3;3;4;4;4;4;3;4;4;4;3;3;5;5;5;4;4;4;4;4;4;4;5;4;5;4;4;4;5;4;3;5;5;5;5;4;3;3;3;4;4;5;4;5
494;0;1;1;0;4;4;4;3;4;4;2;3;2;2;2;3;3;3;3;3;3;4;4;4;4;4;4;4;3;3;4;3;2;4;3;4;4;4;4;4;3;4;2;4;5;5;4;4;4;4;4;4;4;4;4;4;4;4;4;4;4;4;4;4;4;4;4;4;4;4;4;4;4;4;4
495;0;1;1;0;5;4;3;2;4;4;3;4;2;3;3;3;2;2;4;2;3;2;4;4;2;2;2;3;3;3;3;2;3;4;4;4;3;3;4;4;3;2;4;3;4;4;3;4;2;4;2;4;2;4;4;3;4;3;4;4;3;3;3;4;3;4;4;5;5;4;4;4;4;5;4
496;0;1;1;0;3;3;3;3;3;3;4;4;4;4;4;4;3;3;3;3;2;3;3;3;3;3;3;3;3;3;3;3;3;4;3;3;3;3;3;3;3;3;3;3;3;4;3;3;3;3;3;3;3;5;5;5;5;4;5;5;5;5;5;5;5;4;5;5;4;3;4;4;4;4;4
497;1;1;1;0;5;5;5;5;5;5;3;5;5;5;5;5;3;3;3;3;3;3;4;5;3;4;4;4;4;4;5;4;4;4;4;3;4;5;5;4;5;4;3;4;4;4;4;3;2;4;3;2;3;5;5;5;5;5;5;5;5;5;5;5;5;5;5;5;5;5;5;5;5;5;5
498;1;1;1;0;4;4;4;4;4;4;4;4;4;4;4;4;2;2;2;2;2;3;4;5;3;3;3;3;3;3;3;3;3;3;3;3;3;3;3;3;3;3;3;3;3;3;3;3;3;3;3;3;3;3;3;3;3;3;3;3;3;3;3;3;3;3;3;3;3;3;3;3;3;3;3
499;0;1;1;0;5;5;5;4;5;5;3;3;3;4;4;4;3;2;1;2;1;3;4;4;3;4;4;3;3;3;3;3;3;4;3;4;4;3;3;4;4;3;4;4;3;3;4;4;3;4;4;4;2;3;3;3;4;3;4;5;5;5;4;5;4;5;5;5;3;3;4;4;4;4;4
500;0;1;1;0;3;3;3;3;3;3;3;3;3;3;3;3;3;3;3;3;3;3;3;3;3;3;3;3;3;3;3;3;3;3;3;3;3;3;3;3;3;3;3;3;3;3;3;3;3;3;3;3;3;4;4;4;4;4;3;3;3;3;3;3;3;3;3;3;3;3;3;3;3;3;3
501;0;1;1;0;5;5;5;5;5;5;4;3;4;5;5;3;3;2;2;2;2;3;3;4;3;4;3;3;2;3;3;2;2;3;3;3;3;3;2;2;2;3;3;3;3;3;4;3;3;4;4;4;4;5;4;4;4;4;4;4;4;4;4;4;4;4;4;4;4;4;4;4;4;4;4
502;1;1;1;0;5;5;5;5;5;5;5;5;5;5;5;5;5;5;5;5;5;5;5;5;5;5;5;5;5;5;5;5;5;5;5;5;5;5;5;5;4;4;4;4;4;4;4;4;4;4;4;4;4;5;5;5;5;5;5;5;5;5;5;5;5;5;5;5;5;5;5;5;5;5;5
503;0;1;1;0;4;4;4;4;4;4;3;3;3;4;4;3;3;3;3;3;2;4;4;4;4;4;4;4;4;4;4;4;4;4;3;4;5;3;3;5;4;4;4;4;4;4;4;4;4;4;4;4;4;4;4;4;4;4;4;4;4;4;4;4;4;4;4;4;4;4;4;4;4;4;4
504;1;1;1;0;3;4;4;4;5;4;3;3;3;3;2;3;3;3;3;2;3;4;3;4;3;3;3;3;4;3;3;3;3;3;4;3;2;3;4;3;3;3;3;3;3;3;3;3;3;3;4;4;4;4;4;4;3;4;4;3;4;4;3;3;4;4;3;3;4;4;4;4;3;3;4
505;1;1;1;0;4;4;4;2;4;3;4;4;2;3;2;4;3;3;2;4;1;2;3;3;4;3;4;4;2;3;2;3;2;4;4;2;1;2;1;3;3;1;2;4;2;2;4;1;3;2;2;4;4;3;4;4;4;2;3;3;4;4;4;3;4;1;3;3;3;3;4;2;2;3;4
506;1;1;1;0;5;5;5;3;4;2;3;3;4;4;2;2;4;3;3;2;4;2;3;5;4;4;3;5;3;3;4;3;3;2;1;1;1;2;2;4;4;3;2;3;4;4;5;5;2;2;4;3;5;4;4;3;3;2;2;2;4;4;4;4;4;5;4;2;3;4;3;5;4;4;4
507;0;1;1;0;5;5;5;5;5;5;5;5;5;5;5;5;5;5;5;5;5;5;5;5;4;4;4;4;4;5;4;4;3;5;5;5;5;4;5;5;5;5;2;5;4;5;5;4;5;5;4;5;4;5;5;4;5;5;4;5;3;5;4;3;4;4;3;4;5;4;4;3;4;3;4
508;1;1;1;0;4;4;5;3;4;4;3;3;4;3;4;4;3;3;4;4;3;3;4;4;4;3;4;4;3;4;4;4;3;3;4;4;3;4;3;4;4;4;4;4;4;4;4;3;4;4;4;3;4;4;5;5;5;4;5;4;5;5;5;5;4;4;5;5;4;4;5;4;5;4;4
509;0;1;1;0;5;5;5;5;5;5;2;3;4;3;4;5;4;5;3;4;4;4;4;5;4;4;4;4;3;5;5;4;4;4;4;4;4;4;4;4;4;4;4;4;4;4;4;3;4;4;4;4;4;4;4;4;5;5;4;4;4;4;4;4;4;4;4;4;4;4;4;4;4;4;4
510;1;1;1;0;4;4;4;4;4;4;5;5;5;5;5;5;1;1;1;1;1;1;1;1;1;1;1;1;1;1;1;1;1;1;1;1;1;1;1;1;1;1;1;1;1;1;1;1;1;1;1;1;1;4;4;4;4;4;4;4;4;4;4;4;4;4;4;4;3;3;3;3;3;3;3
511;0;1;1;0;5;5;5;4;5;5;3;2;3;3;4;4;2;2;2;3;2;4;4;5;4;5;5;4;4;5;3;4;3;4;4;4;4;5;5;5;4;4;4;4;3;4;4;4;4;4;4;4;4;5;4;5;5;4;5;4;4;5;5;5;5;4;4;5;4;4;4;4;5;5;5
512;1;1;1;0;5;4;5;5;5;5;2;2;4;4;4;5;4;4;3;3;2;3;4;4;5;5;4;4;1;4;4;4;4;3;4;4;4;2;3;4;3;2;4;4;4;3;5;5;3;5;4;4;5;4;5;5;5;5;5;5;5;5;5;5;5;5;5;5;4;4;4;4;4;4;4
513;1;1;1;0;3;4;4;4;4;4;3;4;4;4;4;4;3;3;2;2;2;3;3;3;3;3;3;3;3;3;3;3;3;3;3;3;3;3;3;3;3;3;3;3;3;3;3;3;3;3;3;3;3;5;5;5;5;5;5;5;5;5;5;5;5;5;5;5;5;5;5;5;5;5;5
514;0;1;1;0;4;4;4;4;4;4;4;4;4;3;4;4;3;3;3;3;3;4;4;4;4;3;3;4;3;3;4;4;4;4;3;3;4;4;3;3;5;5;5;5;5;5;4;4;4;4;4;4;4;4;4;4;4;4;4;4;4;4;4;4;4;5;5;4;4;4;4;4;4;4;4
515;0;1;1;0;5;5;5;5;5;5;3;3;3;3;3;3;3;3;3;3;3;5;5;5;4;4;5;5;3;2;4;5;5;5;5;5;5;5;5;5;4;4;4;4;4;4;5;5;5;5;5;5;5;5;5;5;5;3;5;5;5;5;5;5;5;5;5;5;5;5;5;5;5;5;5
516;1;1;1;0;4;5;5;5;5;3;2;3;3;3;4;2;3;4;3;3;2;2;3;3;4;3;3;3;4;4;4;3;3;3;3;4;4;3;3;3;3;3;3;3;2;3;3;3;3;3;3;3;3;3;3;3;3;3;3;3;3;3;3;3;3;3;3;3;3;3;3;3;4;4;4
517;1;1;1;0;4;4;4;4;3;3;3;4;4;4;3;3;2;3;3;3;3;4;4;4;4;4;3;4;4;3;4;4;4;4;4;4;4;4;4;4;3;4;4;4;4;4;4;4;4;5;5;5;5;5;5;5;5;5;4;4;4;4;4;4;4;4;4;4;5;5;5;5;5;5;5
518;0;1;1;0;5;5;5;5;5;5;4;4;4;3;4;4;2;2;2;2;2;3;3;4;4;3;4;3;3;3;3;3;3;3;3;3;3;3;3;3;3;3;3;3;3;3;3;3;3;3;3;3;3;5;5;5;5;5;5;5;5;5;5;5;5;5;5;5;5;5;5;5;5;5;5
519;1;1;1;0;4;4;4;4;4;4;4;4;4;4;4;4;4;4;4;4;4;4;4;4;4;4;4;4;4;5;4;4;4;4;4;4;4;4;4;4;3;3;3;3;3;3;4;4;4;4;4;4;4;4;4;4;4;4;4;4;4;4;4;4;4;4;4;4;4;4;4;4;4;4;4
520;1;1;1;0;5;5;5;5;5;5;5;5;5;5;5;5;5;5;5;5;5;5;5;5;5;5;5;5;5;5;5;5;5;5;5;5;5;5;5;5;4;4;4;4;4;4;5;5;5;5;5;5;5;5;5;5;5;5;5;5;5;5;5;5;5;5;5;5;5;5;5;5;5;5;5
521;0;1;1;0;5;5;5;5;5;5;3;3;3;3;3;3;3;3;3;3;3;3;4;3;3;4;3;4;3;3;3;3;3;4;4;3;4;4;3;4;4;4;4;4;3;5;3;4;3;4;3;4;3;4;4;3;4;4;4;4;3;4;4;3;4;3;3;4;4;5;5;4;5;5;5
522;0;1;1;0;4;4;5;5;5;4;3;3;4;4;4;5;2;2;2;2;2;3;3;3;2;3;4;4;4;4;4;4;4;3;3;4;4;3;3;2;3;3;1;3;3;3;4;4;4;3;3;4;4;4;4;3;4;4;4;4;5;5;4;4;4;4;4;3;3;3;3;4;3;3;3
523;1;1;1;0;5;5;5;4;5;4;3;3;4;4;4;3;3;3;2;3;2;4;5;5;5;5;5;5;5;5;5;4;5;5;5;5;3;4;3;5;5;5;5;4;3;5;5;5;5;5;5;5;5;5;5;4;5;2;4;4;4;4;5;5;5;4;5;4;4;4;4;5;5;5;5
524;0;1;1;0;4;4;4;4;4;4;3;3;3;3;3;3;3;3;3;3;3;3;2;3;3;2;3;3;3;3;3;3;3;3;3;3;3;4;4;4;4;4;4;4;4;4;4;4;4;4;5;5;4;3;3;3;3;3;2;2;2;2;4;4;4;4;4;4;4;4;3;4;4;3;4
525;1;1;1;0;4;4;4;4;4;4;3;3;3;3;3;3;3;3;3;3;3;3;3;3;3;3;3;3;3;3;3;3;3;3;3;3;3;3;3;3;3;3;3;3;3;3;3;3;3;3;3;3;3;3;3;3;3;3;3;3;3;3;3;3;3;3;3;3;3;3;4;3;3;3;3
526;1;1;1;0;4;4;4;4;4;4;3;3;3;3;3;3;3;3;3;3;3;4;4;4;4;4;4;4;4;4;4;4;4;4;4;4;4;4;4;4;4;4;4;4;4;4;4;4;4;4;4;4;4;4;4;4;4;4;4;4;4;4;4;4;4;4;4;4;4;4;4;4;4;4;4
527;0;1;1;0;2;4;4;4;2;4;4;4;4;4;4;4;3;2;1;1;1;2;3;1;4;1;4;4;4;4;4;4;4;4;4;4;4;4;4;4;4;4;4;4;4;4;4;4;4;4;4;4;4;4;3;4;5;2;4;5;3;4;5;3;4;3;3;4;3;4;4;3;4;5;3
528;1;1;1;0;4;5;5;3;5;5;3;2;4;3;3;2;4;4;4;5;3;3;4;4;5;4;5;5;4;3;3;4;4;3;4;4;5;3;2;2;3;3;4;4;4;5;5;5;5;5;4;5;5;3;2;3;2;2;2;4;4;3;2;3;4;4;4;4;4;4;4;4;4;4;4
529;0;1;1;0;5;5;5;3;5;4;4;4;4;4;4;4;5;5;5;5;5;3;2;3;3;3;3;3;4;3;3;3;3;3;2;2;3;3;2;2;4;3;3;4;4;3;1;2;2;2;3;2;3;5;4;5;5;5;5;5;5;5;5;5;5;5;5;5;5;5;5;5;4;4;4
530;0;1;1;0;3;3;3;4;4;4;3;3;3;3;3;3;3;3;3;3;3;3;3;3;4;4;4;3;3;3;3;3;3;3;3;3;3;3;3;3;3;3;3;3;3;3;3;3;3;3;3;3;3;4;4;4;4;4;4;4;4;4;4;4;4;4;4;4;4;4;4;4;4;4;4
531;0;1;1;0;5;5;5;5;5;5;5;5;5;5;5;5;1;1;1;1;1;1;1;1;1;1;1;1;1;1;1;1;1;1;1;1;1;1;1;1;1;1;1;1;1;1;3;3;3;3;3;3;3;4;4;4;4;4;4;4;4;4;4;4;4;4;4;4;3;3;3;3;3;3;3
532;1;1;1;0;3;3;5;3;3;3;3;3;3;3;3;3;3;3;3;3;3;3;3;3;3;3;3;3;3;3;3;3;3;3;4;3;3;3;3;3;3;4;2;3;2;2;2;2;2;2;2;3;2;3;3;2;2;2;2;2;2;2;2;2;2;2;2;2;3;2;2;2;2;2;2
533;1;1;1;0;1;1;1;1;1;1;1;1;1;1;1;1;1;1;1;1;1;1;1;1;1;1;1;1;1;1;1;1;1;1;1;1;1;1;1;1;1;1;1;1;1;1;1;1;1;1;1;1;1;4;4;4;4;4;4;4;4;4;4;4;4;4;4;4;4;4;4;4;4;4;4
534;0;1;1;0;5;5;4;4;4;4;3;3;3;3;3;3;3;3;3;3;3;3;3;3;3;3;3;3;3;3;3;3;3;3;3;3;3;3;3;3;3;3;3;3;3;3;3;3;3;3;3;3;3;4;4;4;4;4;4;4;4;4;4;4;4;4;4;4;3;3;3;3;4;4;4
535;1;1;1;0;4;4;5;4;5;5;2;3;4;4;3;4;2;2;4;3;3;5;4;4;4;3;4;3;2;4;4;3;2;4;5;5;4;5;4;3;3;4;4;5;5;5;3;3;2;3;3;3;2;4;5;4;5;3;3;4;3;3;4;3;3;2;2;4;5;4;4;5;3;4;5
536;1;1;1;0;5;5;5;5;5;5;5;4;4;5;5;4;3;3;3;3;3;3;3;3;3;3;3;3;3;3;3;3;3;3;3;3;3;3;3;3;3;3;3;3;3;3;3;3;3;3;3;3;3;3;3;3;3;3;3;3;3;3;3;3;3;3;3;3;3;3;3;3;3;3;3
537;1;1;1;0;1;1;1;1;1;1;1;1;1;1;1;1;4;4;4;4;4;4;4;4;4;4;4;4;4;4;4;4;4;4;4;4;4;4;4;4;4;4;4;4;4;4;4;4;4;4;4;4;4;4;4;4;4;4;4;4;4;4;4;4;4;4;4;4;3;3;3;3;3;3;3
538;1;1;1;0;5;5;5;5;5;5;2;2;2;2;2;2;2;2;5;4;3;2;4;4;2;2;3;3;4;4;5;4;3;3;4;3;3;3;3;1;4;5;4;5;3;3;3;4;4;3;5;5;5;5;5;5;5;5;5;5;4;4;4;3;4;4;4;5;5;5;4;4;4;5;4
539;1;1;1;0;3;3;4;3;4;4;3;3;4;4;4;3;2;2;2;2;2;2;3;4;4;4;4;4;2;1;4;4;4;4;3;4;4;2;2;2;3;3;3;3;3;3;3;3;3;3;3;3;3;3;3;3;3;3;3;3;3;3;3;3;3;3;3;3;3;3;3;3;3;3;3
540;0;1;1;0;3;3;4;4;4;4;3;3;3;3;3;3;3;3;3;3;3;3;3;3;3;3;3;3;3;3;3;3;3;3;3;3;1;3;3;3;3;3;3;3;3;3;3;3;3;3;3;3;3;3;3;3;3;3;3;3;3;3;3;3;3;3;3;3;3;3;3;1;3;3;3
541;1;1;1;0;4;5;4;3;5;3;1;1;3;2;3;3;4;4;2;4;3;4;4;4;4;4;4;4;3;2;4;4;4;4;4;4;4;4;4;3;3;4;2;4;5;4;3;4;4;4;4;4;4;2;4;4;3;3;3;3;4;4;3;3;3;3;4;3;3;4;3;4;4;3;4
542;0;1;1;0;4;4;5;3;4;5;5;5;5;4;5;5;3;2;3;3;2;3;4;3;5;2;2;4;2;4;4;3;4;5;4;4;5;5;4;4;5;3;3;5;3;4;5;5;2;5;5;5;4;5;5;5;5;2;2;5;5;5;5;5;5;2;3;4;4;4;5;5;5;3;3
543;1;1;1;0;3;5;4;4;4;3;4;5;4;4;5;4;5;4;4;4;4;5;4;5;4;3;4;3;3;2;2;3;4;3;2;3;3;3;4;3;4;4;3;3;3;4;3;4;4;4;3;3;3;3;4;4;4;4;4;5;4;4;4;4;3;4;4;4;4;4;3;4;4;3;4
544;1;1;1;0;3;4;4;2;4;4;2;2;3;4;4;4;2;2;2;2;2;4;2;3;4;3;3;4;3;2;4;3;3;3;3;3;3;3;3;3;3;3;3;3;3;3;3;3;3;3;3;3;3;3;3;3;3;3;3;3;3;3;3;3;3;3;3;3;4;4;4;4;4;4;4
545;0;1;1;0;4;4;5;4;4;4;3;2;2;2;2;2;3;3;4;3;2;4;4;4;4;4;4;4;4;2;3;3;4;3;3;4;3;4;3;4;3;3;4;3;3;2;4;4;4;2;4;4;5;4;4;4;4;4;4;4;4;5;5;5;4;1;5;5;4;4;4;4;4;4;4
546;1;0;0;0;;;;;;;1;1;1;1;1;1;4;4;4;4;4;2;2;3;4;4;4;4;4;2;4;4;4;3;3;3;3;3;3;3;4;4;4;4;4;4;4;4;4;4;4;4;4;5;5;5;5;5;5;5;5;5;5;5;5;5;5;5;5;5;5;5;5;5;4
547;0;1;1;0;4;5;5;5;5;5;3;3;4;5;5;5;3;3;3;3;3;3;3;3;4;4;4;3;3;3;3;3;3;4;4;4;3;4;3;3;3;3;3;3;3;3;3;3;3;3;3;3;3;3;3;3;4;3;3;3;3;3;4;3;4;3;3;3;4;3;3;4;4;3;3
548;0;1;1;0;4;3;4;3;3;4;3;3;3;2;3;4;3;2;2;2;1;4;3;3;1;2;2;3;3;2;2;1;2;4;4;3;4;3;2;3;4;3;4;4;4;3;3;2;2;3;3;3;3;2;2;2;3;3;3;2;2;3;2;3;4;3;3;3;4;4;4;2;3;3;2
549;1;1;1;0;1;1;1;1;1;1;3;3;3;3;3;3;3;3;3;3;3;3;3;3;3;3;3;3;3;3;3;3;3;3;3;3;3;3;3;3;3;3;3;3;3;3;3;3;3;3;3;3;3;3;3;3;3;3;3;3;3;3;3;3;3;3;3;3;3;3;3;3;3;3;3
550;1;1;1;0;3;2;3;1;4;3;4;5;4;4;3;3;2;2;3;3;2;3;2;2;3;3;3;3;3;3;3;3;3;3;3;3;3;3;3;3;3;3;3;3;3;3;3;3;3;3;3;3;3;3;3;3;3;3;3;3;3;3;3;3;3;3;3;3;3;3;3;2;3;2;3
551;0;1;1;0;3;3;3;3;4;4;3;3;3;3;3;3;3;3;3;4;3;4;3;3;3;3;3;3;3;3;3;3;3;3;3;3;3;3;3;3;3;3;3;3;3;3;3;3;3;3;3;3;3;3;3;3;3;3;3;3;3;3;3;3;3;3;3;3;3;3;3;3;3;3;3
552;1;1;1;0;4;4;4;4;4;4;3;3;2;2;2;2;4;3;3;3;3;3;3;3;3;3;3;3;3;3;3;3;3;3;3;4;3;3;3;3;3;4;4;4;4;4;5;4;5;4;5;4;4;4;4;3;3;4;4;4;4;4;4;4;4;4;4;4;5;5;5;5;4;4;5
553;0;1;1;0;3;3;3;3;2;3;3;2;3;4;4;3;3;2;2;2;2;4;3;4;3;3;2;3;2;2;3;2;2;3;3;3;2;2;2;3;3;5;4;5;4;4;2;2;3;4;2;3;3;3;4;4;3;2;3;4;5;5;4;3;3;2;3;2;3;3;3;4;4;3;4
554;0;1;1;0;3;3;3;3;3;3;4;4;4;4;4;4;3;3;3;3;3;3;2;2;3;3;3;3;3;3;3;3;3;3;3;3;3;3;3;3;3;3;3;3;3;3;3;3;3;3;3;3;3;3;3;3;3;3;3;3;3;3;3;3;3;3;3;3;3;3;3;3;3;3;3
555;1;1;1;0;4;4;4;4;4;4;3;3;3;2;2;3;3;3;3;3;3;3;3;2;3;3;3;3;3;3;3;2;2;2;2;3;3;3;3;3;3;2;3;2;2;2;2;2;3;3;3;3;3;3;3;3;3;3;3;3;3;3;3;3;3;3;3;3;3;3;3;3;3;3;3
556;1;1;1;0;3;3;4;3;4;4;3;3;4;3;3;3;3;3;3;3;3;3;3;3;3;3;3;3;3;3;3;3;3;3;3;3;3;3;3;3;3;3;3;3;3;3;3;3;3;3;3;3;3;3;3;3;3;3;3;3;3;3;3;3;3;3;3;3;3;3;3;3;3;3;3
557;1;1;1;0;4;4;3;3;4;3;4;3;3;2;2;5;4;3;3;3;3;3;3;2;5;3;2;3;2;1;1;1;1;2;2;2;2;2;1;2;2;1;2;1;2;2;2;2;5;3;2;4;3;3;3;2;3;3;3;2;3;3;3;2;4;4;3;3;3;2;3;3;3;2;3
558;0;1;1;0;3;3;3;4;4;4;4;3;3;3;4;3;3;4;3;4;3;3;3;3;2;3;3;3;4;3;3;4;3;4;4;3;3;4;4;4;4;4;4;3;4;3;4;4;3;4;3;3;4;4;4;4;4;3;4;3;4;3;4;4;3;4;4;3;4;4;3;4;4;3;3
559;0;1;1;0;4;4;4;4;4;4;2;2;2;2;3;2;2;2;3;3;2;1;2;4;4;4;4;4;2;2;3;3;3;2;2;3;3;2;2;2;3;3;2;2;3;4;3;3;2;2;2;2;2;4;4;4;3;2;3;4;4;4;4;4;4;4;4;3;4;4;4;4;4;4;4
560;1;1;1;0;5;4;4;3;4;5;3;4;2;1;1;2;4;3;3;2;3;2;3;4;4;5;5;4;3;2;2;3;2;1;4;3;2;2;3;3;4;3;2;3;3;3;4;3;4;4;3;2;2;4;3;2;3;3;4;2;3;3;4;2;4;3;2;3;4;2;4;2;4;4;2
561;1;1;1;0;4;4;4;4;4;4;3;3;3;3;3;3;3;3;3;3;3;2;3;2;2;2;3;1;1;1;3;2;2;2;4;4;4;3;2;2;1;1;1;4;3;3;2;2;2;2;2;2;2;4;4;4;4;4;4;4;4;4;4;4;4;4;4;4;5;5;5;5;5;5;5
562;1;1;1;0;5;5;5;5;5;5;3;4;3;4;4;3;3;3;3;3;3;3;4;3;3;3;4;3;3;3;3;4;3;4;3;4;3;3;3;3;2;3;3;3;3;3;3;3;2;3;4;3;3;3;4;4;4;3;4;3;4;4;3;2;3;2;2;3;3;3;4;3;4;4;4
563;0;1;1;0;4;4;4;5;4;5;4;4;3;4;4;4;2;2;2;2;2;3;3;3;3;3;3;3;3;3;3;3;3;3;3;3;4;3;2;2;3;2;3;3;2;2;3;3;2;3;3;3;3;4;4;4;4;4;3;4;4;4;4;4;4;4;4;4;4;4;3;4;4;3;3
564;0;1;1;0;4;4;4;3;3;3;3;3;3;3;3;3;3;3;3;3;3;5;4;5;3;4;5;5;3;3;4;4;4;3;3;4;3;2;3;4;5;5;3;5;4;4;4;4;4;4;3;3;4;2;3;3;4;2;4;4;4;4;4;4;3;3;4;4;3;4;3;3;3;3;4
565;1;1;1;0;4;4;4;4;4;4;2;2;2;3;2;2;2;2;2;3;4;3;3;3;3;3;3;4;3;3;4;4;4;3;3;3;3;2;1;2;2;1;1;3;3;3;3;3;3;2;2;2;3;3;3;3;3;3;3;3;3;3;2;2;2;2;2;2;3;3;3;4;2;3;3
566;1;1;1;0;4;4;4;4;4;4;3;3;4;4;3;3;3;3;3;3;3;4;2;4;4;2;2;3;2;2;3;3;2;2;3;3;3;3;3;2;4;4;3;3;4;3;3;4;3;3;4;4;4;4;3;4;3;4;3;4;3;4;3;4;3;4;3;4;3;3;3;3;3;3;3
567;0;1;1;0;5;5;5;5;5;5;4;4;3;4;4;3;2;2;2;2;2;3;3;3;3;3;3;3;3;3;3;3;3;3;3;3;3;3;3;3;3;3;3;3;3;3;3;3;3;3;3;3;3;4;4;4;4;4;3;3;3;3;3;3;3;3;3;3;3;3;3;3;3;3;3
568;1;1;1;0;5;5;5;5;5;5;4;3;3;4;3;4;3;2;2;2;2;3;4;4;4;3;3;4;4;4;3;3;3;3;3;3;3;3;3;3;3;3;3;3;3;3;3;3;3;3;3;3;3;5;5;5;5;5;5;5;5;5;5;5;5;5;5;5;5;5;5;5;5;5;5
569;0;1;1;0;4;3;5;3;3;3;3;4;3;3;3;3;3;3;3;3;3;4;3;3;3;3;3;3;3;3;3;3;3;3;3;3;3;3;3;3;3;3;3;3;3;3;3;3;3;3;3;3;3;4;3;3;3;3;3;3;3;3;3;3;3;3;3;3;3;3;3;3;3;3;3
570;1;1;1;0;4;4;4;4;4;4;3;3;3;3;3;3;2;2;2;2;2;2;2;2;2;2;2;2;2;2;2;2;2;2;2;3;3;2;1;3;2;2;2;2;2;3;2;2;2;2;2;2;2;3;3;4;3;4;4;4;3;4;4;3;5;4;5;3;4;4;4;4;4;4;4
571;1;1;1;0;5;5;5;5;5;5;3;3;3;3;3;3;2;3;3;3;3;4;4;4;3;4;4;4;4;4;4;4;3;3;3;2;3;3;4;3;2;3;4;2;2;2;3;3;2;2;2;3;3;4;4;4;4;4;4;4;4;4;4;4;4;4;4;4;4;4;4;4;4;4;4
572;0;0;0;0;;;;;;;5;5;5;5;5;5;5;5;5;5;5;1;1;1;1;1;1;1;1;1;1;1;1;1;1;1;1;2;2;2;1;1;1;2;1;1;1;2;2;1;2;1;1;1;2;1;2;1;1;2;2;2;2;2;2;2;2;2;1;2;1;1;1;2;1
573;1;1;1;0;3;5;5;5;4;4;4;4;4;4;4;4;3;3;3;3;3;3;3;3;4;2;3;3;3;3;3;3;3;4;4;4;4;5;3;4;3;3;3;4;3;3;3;3;3;3;3;3;5;3;3;3;3;3;3;3;3;3;3;3;3;3;3;3;3;3;3;3;4;3;3
574;1;1;1;0;5;4;5;4;4;4;5;5;4;4;5;5;4;5;4;4;4;4;4;4;4;4;5;5;5;4;4;4;4;4;5;4;4;4;4;5;4;4;4;4;5;5;4;3;4;4;4;3;4;5;5;4;4;4;4;4;5;4;5;5;4;3;4;4;5;4;5;4;4;5;5
575;0;1;1;0;4;4;4;4;4;4;4;4;4;4;4;4;3;3;3;3;3;4;3;4;4;4;4;4;4;4;4;4;4;4;4;4;4;4;4;4;4;4;4;4;4;4;4;4;4;4;4;4;4;4;4;4;4;4;4;4;4;4;4;4;4;4;4;4;4;4;4;4;4;4;4
576;1;1;1;0;4;4;4;4;4;4;3;3;3;3;3;3;3;3;3;3;3;3;3;3;3;3;3;3;3;3;3;3;3;3;3;3;3;3;3;3;3;3;3;3;3;3;4;4;4;4;4;4;4;4;4;4;4;4;4;4;4;4;4;4;4;4;4;4;4;4;4;4;4;4;4
577;0;1;1;0;4;4;4;4;4;4;3;3;3;3;3;3;3;3;3;3;3;3;3;3;3;3;3;3;3;3;3;3;3;3;3;3;3;3;3;3;3;3;3;3;3;3;3;3;3;3;3;3;3;4;4;4;4;4;4;4;4;4;4;4;4;4;4;4;4;4;4;4;4;4;4
578;1;1;1;0;2;4;5;3;5;5;3;3;4;4;4;4;4;4;3;4;4;3;3;3;3;3;3;3;3;3;3;3;3;3;3;3;3;3;3;3;3;3;3;3;3;3;3;3;3;3;3;3;3;4;4;4;4;3;4;4;3;3;3;4;3;2;5;3;4;3;4;3;3;3;3
579;1;1;1;0;4;4;5;3;4;4;4;4;4;4;4;5;1;1;2;2;1;4;3;3;3;2;3;3;3;2;2;3;2;3;3;3;2;3;3;3;2;3;3;2;2;4;4;3;3;3;3;3;3;3;3;3;3;3;4;3;3;3;3;3;3;3;3;3;4;3;4;3;4;3;3
580;0;1;1;0;2;3;3;3;3;5;5;5;5;5;5;5;1;1;1;1;1;2;2;2;1;1;1;1;1;1;1;1;1;1;1;1;1;3;3;2;1;1;5;2;2;2;1;1;1;1;1;1;1;5;5;2;2;3;1;1;1;1;1;1;1;1;1;1;3;3;3;3;4;4;4
581;0;1;1;0;3;4;5;5;5;4;4;4;4;5;4;4;2;2;2;2;1;5;3;3;3;2;3;4;3;3;4;3;3;4;3;5;4;3;3;4;3;3;3;4;3;3;4;3;3;4;5;4;5;3;3;3;3;4;3;4;4;4;4;4;4;3;4;4;4;4;4;4;5;5;4
582;1;1;1;0;3;5;5;5;4;4;3;3;3;3;3;3;3;3;3;3;3;4;4;4;4;4;4;4;4;4;4;4;4;4;4;4;4;3;3;3;3;3;3;3;3;3;4;4;4;4;4;4;4;3;3;3;3;3;3;3;3;3;3;3;3;3;3;3;5;5;5;5;3;3;3
583;1;1;1;0;5;5;5;5;5;5;4;3;3;4;3;4;3;3;3;3;3;3;3;3;3;3;3;3;3;3;3;3;3;3;3;3;3;3;3;3;3;3;3;3;3;3;3;3;3;3;3;3;3;4;4;4;4;4;4;4;4;4;4;4;4;4;4;4;3;3;3;3;3;3;3
584;0;1;1;0;4;4;5;4;4;4;3;4;4;2;2;2;3;4;4;3;5;4;4;4;3;2;3;4;4;1;3;2;4;2;2;4;3;1;1;5;3;4;2;4;4;5;3;3;4;3;5;5;5;3;4;5;3;4;3;4;5;3;4;5;3;4;3;4;5;4;4;4;3;4;3
585;1;1;1;0;4;4;4;4;4;4;2;2;2;3;3;3;4;4;4;4;4;3;4;4;4;4;4;4;4;4;3;3;4;4;4;4;4;3;3;1;4;4;3;4;4;4;4;4;4;4;4;4;4;4;4;4;4;4;4;4;4;4;4;4;4;4;4;4;5;4;4;5;4;4;4
586;1;0;0;0;;;;;;;3;4;3;2;3;3;3;3;3;3;3;4;4;2;3;3;3;3;3;3;3;3;3;3;3;3;3;3;3;3;3;3;3;3;3;3;3;3;3;3;3;3;3;3;3;3;3;3;3;3;3;3;3;3;3;3;3;3;3;3;3;3;3;3;3
587;0;1;1;0;3;2;4;2;3;3;4;4;4;4;4;4;1;1;1;1;1;2;2;2;2;2;2;2;2;2;1;1;1;1;1;1;1;1;1;1;1;1;1;1;1;1;1;1;1;1;1;1;1;3;3;3;3;3;3;3;3;3;3;3;3;3;3;3;3;3;3;3;3;3;3
588;1;1;1;0;3;5;5;5;5;5;5;4;5;4;5;5;3;2;1;2;2;5;3;5;2;4;2;4;1;2;4;4;1;3;4;3;5;2;2;4;2;5;5;2;2;2;3;3;3;3;3;3;3;5;5;5;5;5;5;5;5;5;4;4;5;4;3;4;3;4;5;5;5;5;4
589;0;1;1;0;2;5;5;5;5;5;3;2;3;4;4;2;4;4;4;4;3;3;2;4;4;4;4;4;4;4;3;3;3;4;3;3;2;2;2;2;4;4;3;4;4;4;4;4;4;4;4;4;3;5;5;4;5;4;5;5;5;5;5;5;5;5;5;5;5;4;5;5;5;5;5
590;0;1;1;0;4;4;4;4;4;4;3;3;4;4;3;3;2;3;2;2;2;4;4;4;4;3;4;3;2;2;4;4;3;3;3;4;4;4;4;4;4;4;4;4;4;4;4;4;4;3;4;4;4;4;4;4;4;4;4;4;4;4;4;4;4;4;4;4;4;4;4;4;4;3;4
591;0;1;1;0;2;3;4;4;2;2;4;4;4;5;4;4;2;2;2;2;2;3;2;2;3;2;2;2;3;2;3;4;4;3;3;2;2;3;2;4;2;2;3;2;3;2;3;2;2;2;2;2;2;2;2;3;3;2;2;3;3;3;2;3;4;4;4;3;3;3;3;3;3;3;3
592;0;1;1;0;5;5;5;4;4;5;4;4;5;5;5;4;4;2;2;5;4;4;3;3;2;4;4;4;3;3;4;4;5;5;5;5;4;5;5;4;4;5;5;5;4;4;5;5;5;5;5;4;4;4;4;5;5;3;3;4;4;4;4;3;3;4;4;4;4;4;4;5;5;4;4
593;0;1;1;0;3;3;3;3;3;3;3;3;2;3;2;2;3;3;3;2;3;3;3;2;3;4;3;3;4;3;3;2;3;3;2;3;4;3;3;4;2;3;2;3;3;4;3;2;2;3;3;4;3;3;3;4;3;2;3;3;4;3;3;4;2;3;2;3;3;4;3;2;3;2;2
594;0;1;1;0;4;4;4;3;4;4;3;3;4;4;4;4;4;4;3;3;4;3;4;3;3;4;4;4;3;3;4;4;3;4;3;4;4;3;2;2;4;4;3;4;2;3;4;4;4;4;4;3;4;4;3;3;3;2;4;4;4;4;3;4;3;3;3;3;4;3;4;4;4;3;3
595;0;1;1;0;5;5;5;5;5;5;5;5;5;5;5;5;5;5;5;5;5;5;5;5;5;5;5;5;5;5;5;5;5;5;5;5;5;5;5;5;5;5;5;5;5;5;5;5;5;5;5;5;5;5;4;5;5;5;4;5;5;5;5;5;4;5;4;5;5;4;4;4;4;4;5
596;1;1;1;0;4;3;4;2;4;3;3;4;4;4;3;3;4;2;3;3;2;4;3;3;2;3;3;4;4;2;4;3;2;3;3;4;4;2;2;4;2;2;3;3;3;3;4;4;4;4;4;3;3;3;4;2;2;4;2;2;3;3;4;4;2;2;3;3;4;4;4;3;3;3;3
597;1;1;1;0;5;5;5;5;5;5;5;5;5;5;5;5;5;5;5;5;5;5;5;5;4;4;4;5;5;5;5;5;5;5;5;5;5;5;5;5;5;5;5;5;5;5;5;5;5;5;5;5;5;5;5;5;5;5;5;5;5;5;4;4;4;4;4;4;5;5;5;5;5;5;5
598;0;1;1;0;5;4;5;5;5;5;5;5;4;4;5;5;3;3;2;2;2;5;4;5;4;4;5;5;4;5;5;4;5;5;5;5;5;5;4;4;5;3;2;4;4;5;5;4;5;5;4;4;5;4;4;5;5;4;5;5;4;4;4;5;5;5;4;5;5;5;4;4;5;5;5
599;0;1;1;0;4;4;4;4;4;4;4;4;4;4;4;4;3;3;2;2;2;3;3;3;3;2;3;3;3;2;3;3;2;3;2;2;3;3;4;4;4;3;3;2;3;3;4;3;3;4;3;2;2;3;3;3;4;3;3;3;4;4;4;4;3;4;3;3;3;3;3;3;4;4;4
600;0;1;1;0;3;4;5;5;3;4;3;3;4;4;4;3;4;3;3;4;3;4;5;5;4;3;5;3;2;3;4;4;3;2;4;3;3;2;1;3;3;4;2;5;5;5;4;4;3;5;3;4;4;4;3;3;3;3;4;4;4;4;4;4;4;4;4;4;3;3;3;3;3;3;3
601;0;1;1;0;4;4;4;4;4;4;4;4;5;4;4;4;1;1;1;1;1;4;3;3;3;3;3;3;3;3;4;4;4;3;3;3;3;3;3;3;3;3;3;3;3;3;3;4;3;3;3;3;3;4;4;4;4;4;4;4;4;4;4;4;4;4;4;4;4;4;4;4;4;4;4
602;0;1;1;0;4;5;4;5;3;5;3;3;3;3;3;3;3;3;3;3;3;4;4;4;5;3;4;4;3;4;5;5;5;4;4;4;4;4;4;4;3;3;3;3;3;3;4;4;4;3;5;4;5;5;5;5;5;4;5;5;5;5;5;5;5;5;5;5;4;4;4;4;4;4;4
603;0;1;1;0;4;4;4;4;4;4;4;4;4;4;4;4;2;2;1;3;1;3;3;3;3;1;3;1;1;2;2;3;3;2;3;2;1;2;4;2;1;4;1;3;1;2;3;1;1;4;2;2;2;4;4;1;1;1;1;1;4;1;1;1;2;2;2;2;1;3;3;4;1;1;2
604;1;1;1;0;5;4;5;5;5;5;3;3;4;3;3;4;2;2;2;3;2;4;4;3;3;3;2;4;3;2;3;2;2;3;3;4;3;3;2;2;3;3;3;3;2;4;4;3;3;2;3;3;2;3;3;3;3;3;3;3;3;3;3;3;3;3;3;3;4;4;3;4;3;3;3
605;0;1;1;0;4;3;4;4;5;4;4;4;5;5;3;3;2;4;4;2;5;5;4;5;3;4;4;5;5;4;3;5;3;4;4;5;5;5;4;5;5;4;5;4;5;5;5;4;3;4;5;5;4;5;4;5;5;4;5;5;3;5;5;4;5;5;4;4;3;4;5;3;4;5;3
606;0;1;1;0;4;4;4;3;3;3;3;4;3;2;3;4;4;3;3;4;3;3;3;3;3;3;2;3;3;3;3;3;3;3;4;4;3;4;3;3;3;4;3;3;3;2;3;4;4;3;2;3;2;3;4;3;3;2;3;3;3;2;3;3;3;3;4;3;3;2;3;3;3;3;3
607;0;1;1;0;4;4;5;4;5;4;3;3;4;4;4;3;3;3;2;2;2;4;4;4;4;2;4;3;2;3;3;2;2;2;3;4;2;2;2;3;4;4;3;4;4;4;3;2;3;3;4;2;2;4;4;4;3;3;4;4;4;4;4;4;4;4;5;4;4;4;4;4;4;4;4
608;1;1;1;0;4;4;4;4;4;4;4;4;4;4;4;4;2;1;2;2;2;2;2;2;2;2;2;2;2;2;2;2;2;2;2;2;2;2;2;2;2;2;2;2;2;2;2;2;2;2;2;2;2;2;3;4;3;4;3;4;4;3;3;4;4;3;2;4;4;3;4;4;3;3;2
609;0;1;1;0;4;3;3;4;4;3;3;4;4;4;3;4;4;3;4;3;4;4;4;4;3;4;4;4;3;4;4;3;4;4;4;4;4;4;5;5;4;5;5;4;4;5;4;5;5;4;5;4;5;5;4;5;5;4;5;4;4;5;4;3;4;4;3;4;5;4;5;4;3;3;4
610;1;1;1;0;3;3;4;4;4;4;3;3;3;2;3;3;3;2;3;3;3;3;3;3;3;3;3;3;2;2;3;3;3;3;3;3;3;3;2;3;3;3;3;3;3;3;4;4;3;3;3;3;3;3;3;3;3;2;3;3;3;3;3;3;3;3;3;3;3;3;3;3;4;4;3
611;0;1;1;0;1;1;1;1;1;1;3;3;3;3;3;3;3;3;3;3;3;3;3;3;3;3;3;3;3;3;3;3;3;3;2;2;2;2;2;2;3;3;3;3;3;3;3;3;3;3;3;3;3;3;3;3;3;3;4;4;4;4;3;3;3;3;3;3;5;5;5;5;4;4;4
612;1;1;1;0;4;4;4;4;4;4;3;4;3;4;3;4;4;4;4;4;4;5;5;5;5;5;5;5;5;5;5;5;5;4;4;4;4;4;4;4;4;4;4;4;4;4;5;5;5;5;5;5;5;4;4;4;4;4;4;4;4;4;4;4;4;4;4;4;4;4;4;4;4;4;4
613;1;1;1;0;3;3;3;3;3;3;3;3;3;3;3;3;3;3;3;3;3;3;3;3;3;3;3;3;3;3;3;3;3;3;3;3;3;3;3;3;3;3;3;3;3;3;3;3;3;3;3;3;3;3;3;3;3;3;3;3;3;3;3;3;3;3;3;3;1;4;3;2;4;2;3
614;0;1;1;0;5;5;5;5;5;5;5;5;5;5;5;5;1;1;2;1;1;4;4;4;4;3;3;3;3;3;3;3;3;3;3;3;3;2;3;3;4;4;4;4;4;4;4;4;4;4;4;4;4;4;4;4;4;4;4;4;4;4;4;4;4;4;4;4;4;4;4;4;4;4;4
615;0;1;1;0;5;5;5;5;5;5;5;4;4;4;5;5;4;4;4;4;4;5;5;5;3;4;4;5;5;4;4;4;4;5;5;4;4;4;4;4;5;5;5;4;4;4;4;4;4;5;4;4;4;4;4;4;4;4;4;4;4;4;4;4;4;4;4;4;4;4;4;4;4;4;4
616;1;1;1;0;5;4;5;4;4;4;3;3;3;3;3;3;4;4;4;4;4;4;4;4;4;4;4;4;4;4;5;5;5;4;4;4;4;4;4;4;4;4;4;4;5;5;5;4;5;4;5;4;5;4;4;5;4;5;3;4;3;5;3;4;5;3;5;4;4;4;5;4;4;5;4
617;0;1;1;0;5;4;4;4;4;5;3;3;4;3;3;3;4;3;5;4;4;4;4;4;4;4;4;4;4;4;4;3;5;3;5;4;4;4;3;4;3;3;4;3;3;4;4;5;4;3;5;3;4;5;4;5;4;5;4;5;4;5;4;5;4;3;4;3;4;5;4;5;4;5;4
618;0;1;1;0;5;5;5;4;5;4;3;2;3;3;4;1;5;2;5;3;2;3;4;4;4;2;4;4;3;4;4;4;4;3;4;4;4;5;4;4;4;4;1;5;4;4;4;4;4;4;4;4;4;4;5;5;3;3;4;4;5;5;5;5;4;4;4;4;4;4;5;4;3;5;5
619;0;1;1;0;3;4;5;2;5;5;5;4;4;4;3;3;2;2;1;2;2;4;4;5;4;3;3;3;2;3;2;3;3;4;3;4;5;2;3;5;4;5;5;5;3;2;3;4;3;3;5;4;2;4;5;4;4;3;4;4;5;5;4;3;3;3;5;4;4;5;3;5;4;5;4
620;0;1;1;0;4;5;5;5;4;4;3;3;3;4;4;4;5;5;5;5;5;4;4;4;4;4;4;4;3;3;4;4;4;4;4;4;4;4;4;4;4;4;4;4;4;4;4;4;4;4;4;4;4;4;4;4;5;4;5;5;4;4;4;4;5;4;4;5;3;3;2;3;4;4;4
621;0;1;1;0;4;4;4;4;4;4;3;3;3;3;3;3;4;4;4;4;4;3;3;3;3;3;3;3;3;3;3;3;3;3;3;3;3;3;3;3;3;3;3;2;2;3;1;3;3;3;3;3;3;3;3;3;3;3;3;3;3;3;3;3;3;3;3;3;4;4;4;4;4;4;4
622;0;1;1;0;5;5;5;4;5;5;2;2;2;2;2;2;5;5;5;5;5;2;3;3;3;3;4;4;3;3;4;4;3;3;3;3;4;2;2;2;4;2;2;3;3;4;4;4;4;4;3;4;3;2;3;3;3;2;2;3;3;3;3;3;3;3;3;3;2;2;2;2;2;2;2
623;0;1;1;0;5;4;5;5;5;4;5;5;4;3;4;3;4;4;3;3;3;4;4;4;4;4;5;5;4;2;5;3;4;4;3;4;5;3;4;4;4;5;5;5;3;4;4;4;4;3;4;4;5;4;3;4;5;4;3;4;4;3;4;5;4;5;5;4;4;5;4;5;4;4;4
624;1;1;1;0;1;2;3;4;1;2;1;2;3;4;1;2;3;4;1;2;3;1;2;3;4;5;1;1;2;3;4;5;1;2;3;4;5;1;2;3;4;5;1;2;3;4;1;2;3;4;1;2;3;1;2;3;4;1;2;3;4;1;2;3;4;1;2;3;1;2;3;4;1;2;3
625;0;1;1;0;5;4;4;4;5;5;3;3;4;4;4;5;2;2;2;2;2;3;2;4;4;3;5;4;4;2;4;4;5;3;3;4;4;2;2;2;2;3;4;4;3;3;3;3;4;4;4;3;4;4;4;5;3;3;4;5;4;5;5;5;5;4;5;4;5;4;4;5;5;5;5
626;1;1;1;0;4;4;4;4;4;4;4;4;4;4;4;4;4;4;4;4;4;4;4;4;4;4;4;4;4;4;4;4;4;4;4;4;4;4;4;4;5;5;5;5;5;5;4;4;4;4;4;4;4;5;5;5;5;5;4;4;4;4;4;4;4;4;4;4;4;4;4;4;4;4;4
627;0;1;1;0;4;4;5;4;4;4;3;3;4;4;4;4;3;3;3;4;3;4;4;3;4;3;4;3;3;3;4;3;4;3;3;4;4;3;3;3;4;3;3;3;4;4;4;3;3;4;3;3;4;3;4;4;3;2;4;3;4;4;3;4;3;3;4;3;4;4;4;4;3;4;3
628;0;1;1;0;3;3;3;3;3;3;3;3;3;3;3;3;2;2;2;2;2;2;2;2;2;2;2;2;2;2;2;2;2;2;2;2;2;2;2;2;2;2;2;2;2;2;2;2;2;2;2;2;2;3;3;3;3;3;3;3;2;3;3;2;4;2;1;4;2;1;3;2;4;2;4
629;1;1;1;0;4;3;4;2;4;4;4;3;3;4;3;4;4;4;4;4;4;2;3;3;3;3;3;3;4;2;4;3;3;3;3;3;3;4;4;3;3;4;4;4;2;3;3;4;3;2;3;3;3;4;2;4;3;3;3;3;4;2;4;2;3;3;3;3;4;4;4;4;4;3;4
630;0;1;1;0;4;4;4;4;4;4;4;4;4;4;4;3;3;3;3;3;3;3;3;3;3;3;3;3;3;3;3;3;3;3;3;3;3;3;3;3;3;3;3;3;3;3;3;3;3;3;3;3;3;3;3;3;3;3;3;3;3;3;3;3;3;3;3;3;3;3;3;3;3;3;3
631;0;1;1;0;2;3;5;4;4;4;5;5;4;4;4;4;1;1;2;3;3;4;4;4;2;2;3;2;2;3;3;3;2;4;3;4;3;3;3;3;3;3;3;4;4;4;3;3;3;3;3;3;4;4;4;4;4;4;4;4;4;4;4;4;3;4;3;4;5;5;5;5;5;4;4
632;1;1;1;0;4;4;4;5;3;5;4;3;4;4;3;4;3;3;3;3;3;2;3;3;3;4;4;4;3;2;2;4;3;3;3;3;3;4;2;3;3;3;3;3;3;3;3;3;3;3;3;3;3;3;3;3;3;3;3;3;3;5;3;3;3;3;3;3;3;3;3;3;3;3;3
633;0;1;1;0;4;4;5;4;4;4;3;4;4;4;4;3;4;3;2;3;3;4;4;3;3;4;4;4;3;4;3;3;3;3;3;4;4;4;4;3;3;4;4;3;4;3;4;3;3;4;4;3;4;3;4;4;3;3;3;3;3;3;4;3;4;2;4;4;4;3;3;4;4;4;3
634;0;1;1;0;5;4;5;4;5;5;4;4;4;5;5;5;1;1;2;2;1;2;2;3;3;5;3;4;3;3;3;3;4;4;3;5;5;4;1;3;5;3;4;5;3;5;5;5;5;5;5;4;5;4;3;5;4;2;5;5;4;5;3;4;3;1;4;5;4;4;3;5;5;5;5
635;1;1;1;0;5;5;5;5;5;5;5;3;4;3;2;4;4;4;4;4;3;5;5;4;3;3;4;4;4;4;3;2;3;4;3;4;3;3;3;2;4;4;5;5;4;4;4;4;3;3;3;4;3;5;5;5;5;5;4;3;3;3;4;3;3;3;3;4;5;5;5;5;4;4;5
636;0;1;1;0;4;4;4;4;4;4;3;3;3;3;3;3;3;3;3;3;3;3;4;3;3;3;3;3;3;3;3;3;3;3;3;3;3;3;3;3;3;3;3;3;3;3;3;3;3;3;3;3;3;4;4;4;4;4;4;4;4;4;4;4;2;2;4;2;3;3;3;3;3;3;3
637;0;1;1;0;4;3;5;5;4;5;3;3;4;4;4;4;3;4;4;2;2;4;4;4;4;4;4;3;3;4;4;4;4;4;3;4;4;4;4;4;4;4;4;4;4;4;4;4;4;4;4;4;4;4;3;3;4;4;4;4;4;4;4;4;4;4;4;4;4;4;4;4;4;4;4
638;1;1;1;0;4;3;4;4;4;3;3;3;4;3;4;4;2;2;1;2;1;3;3;4;4;4;4;4;3;2;4;3;4;4;3;4;4;4;3;4;4;4;4;4;3;4;4;4;3;4;4;4;4;4;3;4;4;4;4;4;4;3;4;4;4;3;4;4;4;4;4;4;4;4;4
639;1;1;1;0;5;5;5;5;5;5;4;3;5;2;3;4;3;2;1;3;3;4;4;4;5;4;3;4;3;3;5;4;4;5;4;5;4;3;3;2;2;3;5;5;4;4;4;4;4;4;4;4;4;3;4;5;5;3;5;5;5;5;4;3;4;4;4;3;4;4;4;4;4;4;4
640;0;1;1;0;3;5;4;4;4;5;4;4;5;5;4;5;2;2;1;1;1;3;4;4;4;3;4;4;3;3;3;3;3;3;4;4;4;4;4;4;3;5;3;4;4;4;4;4;4;4;5;4;4;4;4;4;5;4;5;5;5;5;5;5;5;5;3;5;4;5;4;5;4;4;3
641;0;1;1;0;5;5;4;4;5;5;5;4;5;5;4;4;5;4;3;5;5;5;4;5;5;5;4;4;3;5;5;4;3;4;5;5;4;5;4;5;4;5;4;4;5;5;5;5;4;3;4;5;5;5;5;4;3;4;5;4;5;5;5;5;4;3;4;5;4;3;3;5;5;5;4
642;1;1;1;0;4;4;5;5;5;5;5;4;4;4;5;5;5;4;4;5;5;5;5;4;5;4;5;5;5;5;5;4;5;4;4;4;5;5;5;5;4;4;5;5;5;5;5;5;5;4;5;5;5;5;5;5;5;4;5;5;5;4;5;5;5;5;4;5;5;5;4;5;5;4;4
643;1;1;1;0;3;3;3;4;3;4;3;3;3;3;3;3;4;3;3;3;3;3;3;3;4;3;3;3;2;2;3;3;3;3;3;3;3;3;3;3;3;2;3;2;3;3;3;2;3;3;3;3;4;4;3;3;2;3;3;4;4;3;3;3;2;3;3;4;4;3;3;4;2;4;3
644;1;1;1;0;2;5;5;3;5;3;4;2;2;2;2;2;4;4;4;4;4;2;3;4;5;5;5;5;5;5;3;3;5;4;1;5;1;3;2;5;5;1;5;5;3;3;5;5;5;5;5;5;5;5;5;5;5;5;5;5;5;5;5;5;5;5;5;5;5;5;5;5;4;5;4
645;1;1;1;0;5;5;5;5;5;4;4;4;4;4;4;2;5;5;5;3;5;4;4;5;4;4;4;5;4;3;4;4;4;4;4;4;4;4;4;4;4;4;3;4;4;4;4;4;4;4;4;4;4;4;4;4;4;4;4;4;4;4;4;4;4;4;4;4;4;4;4;4;4;4;4
646;1;1;1;0;5;5;5;5;5;5;5;5;5;5;5;5;1;1;1;1;1;1;1;1;1;1;1;1;1;1;1;1;1;1;1;1;1;1;1;1;1;1;1;1;1;1;1;1;1;1;1;1;1;1;1;1;1;1;1;1;1;1;1;1;1;1;1;1;1;1;1;1;1;1;1
647;0;1;1;0;5;4;5;4;4;4;3;4;4;3;4;3;5;4;3;2;2;4;2;4;3;2;3;4;3;2;3;3;4;4;3;5;4;3;2;2;2;3;4;1;1;4;4;4;2;5;3;4;5;5;5;4;5;1;5;5;5;5;5;4;5;3;5;3;5;5;4;5;5;5;5
648;1;1;1;0;4;3;4;2;3;2;3;2;3;2;3;4;3;2;2;4;4;4;4;3;3;3;2;3;2;2;4;4;4;5;4;4;5;4;3;3;3;4;5;5;4;5;3;4;3;4;3;4;5;3;4;5;5;4;4;5;5;5;4;3;4;4;4;4;4;4;4;4;4;4;4
649;0;1;1;0;3;3;3;3;3;3;4;4;4;4;4;4;4;4;4;4;4;4;4;4;4;4;4;4;4;4;4;4;4;4;4;4;4;4;4;4;4;4;4;4;4;4;4;4;4;4;4;4;4;4;4;4;4;4;4;4;4;4;3;3;3;3;3;3;4;4;4;4;4;4;4
650;0;1;1;0;5;5;5;5;5;5;4;4;4;4;4;4;3;4;4;3;3;4;4;4;3;4;4;3;4;4;3;4;4;4;4;4;4;3;3;3;3;3;4;4;4;4;3;3;3;3;4;3;3;4;4;4;4;4;3;3;3;3;4;4;4;4;4;4;4;4;4;4;4;4;4
651;1;1;1;0;5;4;4;4;4;5;4;4;4;4;4;4;2;2;2;2;2;2;2;2;2;1;2;1;2;1;2;2;1;1;2;1;2;1;2;2;1;2;1;1;2;1;2;2;2;1;2;2;2;4;4;4;4;4;4;4;4;4;4;4;4;4;4;4;5;5;5;5;4;4;4
652;0;1;1;0;4;4;4;4;4;4;3;3;3;3;3;3;3;3;3;3;3;3;3;3;3;3;3;3;3;3;4;4;4;4;4;4;4;4;4;4;3;4;3;4;3;4;3;4;3;3;4;4;4;4;3;4;4;3;3;3;4;4;3;4;3;4;3;3;3;3;3;3;3;3;3
653;1;1;1;0;5;5;5;5;5;5;1;3;3;4;3;3;5;5;5;5;5;5;5;5;5;5;5;5;5;5;5;5;5;5;5;5;5;5;5;5;4;4;4;4;4;4;5;5;5;5;5;5;5;5;5;5;5;5;5;5;5;5;5;5;5;5;5;5;5;5;5;5;5;5;5
654;1;1;1;0;5;5;5;3;5;5;2;2;2;2;2;2;3;4;4;4;4;5;4;4;4;4;4;4;3;4;4;3;4;4;4;4;4;4;3;4;3;3;3;3;3;3;4;4;4;4;4;4;4;4;4;3;4;3;4;4;3;4;4;3;4;3;4;3;4;4;3;4;4;4;4
655;1;1;1;0;4;4;4;4;4;4;3;3;3;3;3;3;3;3;3;3;3;3;3;3;3;3;3;3;3;3;3;3;3;3;3;3;3;3;3;3;3;3;3;3;3;3;3;3;3;3;3;3;3;3;3;3;3;3;3;3;3;3;3;3;3;3;3;3;4;4;4;4;4;4;4
656;0;1;1;0;4;4;4;5;5;5;3;4;4;3;3;3;2;2;2;1;2;3;2;4;3;2;3;3;2;3;3;2;3;3;3;2;3;3;3;3;3;3;3;3;3;3;3;4;4;2;4;4;3;5;5;5;5;4;5;4;5;4;4;5;4;5;5;4;4;4;4;4;4;4;4
657;1;1;1;0;4;5;5;5;5;5;2;3;2;2;2;2;2;2;1;2;2;3;3;2;3;3;2;3;2;3;3;3;3;2;3;4;3;2;2;3;2;2;3;3;2;2;2;4;2;3;3;3;3;4;5;4;4;4;2;2;2;2;2;3;2;3;2;3;4;4;4;4;4;4;3
658;0;1;1;0;5;5;5;4;4;4;4;3;3;3;3;4;5;5;4;4;4;4;3;4;4;4;3;4;3;4;4;4;3;4;5;4;4;4;5;4;4;3;4;4;4;5;5;5;4;4;4;4;5;5;4;4;4;5;4;4;5;4;4;5;4;4;4;4;5;4;4;4;5;5;4
659;1;1;1;0;5;5;5;5;5;5;3;3;3;3;3;3;3;3;3;3;3;3;3;3;3;3;3;3;3;3;3;3;3;3;3;3;3;3;3;3;3;3;3;3;3;3;3;3;3;3;3;3;3;3;3;3;3;3;3;3;3;3;3;3;3;3;3;3;3;3;3;3;3;3;3
660;1;1;1;0;5;3;4;2;3;3;3;3;3;3;4;5;3;3;3;3;3;3;2;1;3;1;2;2;1;1;3;1;3;4;4;3;3;3;2;1;3;3;2;4;4;4;3;4;2;1;4;4;3;4;4;3;4;4;4;3;4;3;3;3;3;2;4;2;4;4;4;4;3;3;3
661;0;1;1;0;4;4;4;4;4;4;4;4;4;4;4;4;4;4;4;4;4;3;3;3;3;3;3;3;3;3;2;2;3;3;2;3;2;3;2;2;3;3;3;3;3;3;3;3;3;3;3;3;3;3;3;3;3;3;3;3;3;3;3;3;3;3;3;3;3;3;3;3;3;3;3
662;0;1;1;0;4;4;4;4;5;5;3;2;4;4;3;4;3;3;4;3;3;3;3;3;3;3;3;3;3;3;3;3;3;3;3;3;3;3;3;3;3;3;3;3;3;3;3;3;3;3;3;3;3;3;3;3;3;3;3;3;3;3;3;3;3;3;3;3;3;3;3;3;3;3;3
663;1;1;1;0;4;4;4;4;4;4;3;3;3;3;3;3;3;3;3;3;3;3;3;3;3;3;3;3;3;3;3;3;3;3;3;3;3;3;3;3;3;3;3;3;3;3;3;3;3;3;3;3;3;3;3;3;3;3;3;3;3;3;3;3;3;3;3;3;3;3;3;3;3;3;3
664;1;1;1;0;3;3;4;3;2;3;3;2;3;4;3;3;2;3;4;3;4;4;3;3;4;4;2;4;2;2;3;3;4;4;4;4;4;3;3;2;2;3;3;4;3;4;3;4;4;4;3;2;2;3;4;5;4;4;4;3;2;2;3;4;4;4;2;2;4;3;2;3;4;4;2
665;0;1;1;0;4;4;4;3;5;5;4;5;5;5;4;4;2;2;2;2;2;2;2;2;3;2;2;3;3;3;3;3;3;3;3;3;3;3;3;3;3;3;3;3;3;3;3;3;3;3;3;3;3;3;4;4;4;4;4;4;4;4;4;4;4;4;4;4;4;4;4;4;4;4;4
666;1;1;1;0;4;4;4;4;4;4;3;3;3;3;3;3;3;3;3;3;3;3;3;3;3;3;3;3;3;3;3;3;3;3;3;3;3;3;3;3;3;3;3;3;3;3;3;3;3;3;3;3;3;3;3;3;3;3;3;3;3;3;3;3;3;3;3;3;3;3;3;3;3;3;3
667;0;1;1;0;4;4;4;3;4;4;5;5;4;5;4;5;3;2;4;4;2;4;4;4;3;4;3;3;3;3;3;3;3;3;3;3;3;3;3;3;4;4;3;4;3;4;4;4;4;3;4;4;4;5;5;5;5;5;4;4;4;4;5;5;5;5;5;5;5;4;5;5;5;5;5
668;1;1;1;0;4;4;4;4;4;4;4;4;4;4;4;4;4;4;4;4;4;4;4;4;4;4;4;4;4;4;4;4;4;4;4;4;4;4;4;4;4;4;4;4;4;4;4;4;4;4;3;4;1;4;1;4;1;4;2;4;2;1;4;1;3;1;4;1;4;2;3;2;3;2;3
669;0;1;1;0;3;3;4;3;4;4;3;3;2;4;4;3;2;2;3;2;3;3;3;4;4;4;4;4;3;3;4;3;3;4;4;4;4;3;3;4;4;4;4;4;4;4;4;4;4;4;4;3;4;3;4;4;4;4;4;4;4;4;4;4;4;4;4;4;4;4;4;4;4;4;4
670;0;1;1;0;4;4;4;4;4;4;4;4;4;4;4;4;3;3;3;3;3;3;3;3;3;3;3;3;3;3;3;3;3;3;3;3;3;3;3;3;3;3;3;3;3;3;3;3;3;3;3;3;3;4;4;4;4;4;4;4;4;4;4;4;4;4;4;4;4;4;4;4;4;4;4
671;1;1;1;0;4;4;4;4;4;4;3;3;3;3;3;3;4;4;4;4;4;4;4;4;4;4;4;4;4;4;4;4;4;4;4;4;4;4;4;4;4;4;4;4;4;4;4;4;4;4;4;4;4;4;4;4;4;4;4;4;4;4;4;4;4;4;4;4;4;4;4;4;4;4;4
672;1;1;1;0;4;5;3;4;5;2;3;2;4;2;4;1;4;2;4;3;2;4;2;3;3;1;4;4;2;3;3;2;3;2;2;2;2;3;2;2;3;4;1;4;4;5;4;2;2;2;4;4;3;4;4;3;3;3;3;5;3;2;5;5;5;5;4;4;4;3;4;3;4;3;4
673;0;1;1;0;4;5;5;5;4;4;2;3;3;3;2;3;3;3;3;3;3;3;3;3;4;3;4;5;5;5;4;3;3;3;4;4;4;3;3;4;4;3;3;4;3;4;4;3;3;4;3;3;3;4;5;5;5;4;4;4;4;4;4;4;4;4;4;4;4;4;4;4;4;3;4
674;0;1;1;0;5;5;5;5;5;5;3;3;4;4;5;4;3;3;2;2;3;3;2;4;3;2;4;4;2;2;2;2;2;4;2;5;3;3;2;3;3;3;2;3;3;4;3;4;4;5;5;5;5;4;5;5;5;5;3;5;5;5;4;4;5;5;2;1;3;4;3;3;4;4;4
675;1;1;1;0;5;4;4;3;4;4;4;5;4;5;4;4;2;2;2;3;1;4;4;3;3;4;3;4;3;2;3;3;4;3;2;3;3;2;1;3;2;4;1;4;3;4;4;2;2;3;3;3;4;4;3;3;3;3;4;4;4;3;4;4;4;3;3;4;3;3;4;4;4;4;4
676;1;1;1;0;5;4;5;5;5;5;3;4;3;2;3;2;4;4;3;5;4;4;5;4;5;4;5;5;4;3;4;3;4;4;4;5;4;4;4;3;3;4;3;4;4;4;4;5;4;5;4;4;5;5;4;4;5;4;5;4;5;4;5;4;5;5;4;4;5;4;4;5;5;4;4
677;0;1;1;0;1;1;1;1;1;1;4;4;4;2;4;2;2;2;4;4;4;3;4;4;4;4;4;4;4;4;4;4;4;4;4;4;4;4;4;4;4;4;4;4;4;4;4;4;4;4;4;4;4;4;4;4;4;4;4;4;4;4;4;4;4;4;4;4;4;4;4;4;4;4;4
678;1;1;1;0;1;1;2;2;2;2;1;1;1;1;1;1;1;1;1;1;1;1;1;1;1;1;1;1;1;1;1;1;1;1;2;1;1;1;1;1;1;1;1;1;1;1;1;1;1;1;1;1;1;5;5;5;5;5;5;5;5;5;5;5;5;5;5;5;3;3;3;3;3;3;3
679;0;1;1;0;4;4;4;4;4;4;3;3;3;3;3;3;2;2;3;2;2;2;2;3;3;3;3;3;3;3;3;3;3;3;3;3;3;3;3;3;3;3;3;3;3;3;3;3;3;3;3;3;3;3;3;3;3;3;3;3;3;3;3;3;3;3;3;3;3;3;3;3;3;3;3
680;1;1;1;0;3;5;5;3;4;4;4;3;4;4;5;4;3;2;3;3;3;3;3;4;3;4;3;4;3;2;2;3;3;3;2;3;2;3;3;3;3;4;2;3;3;4;3;3;2;2;3;3;4;4;4;4;4;3;5;4;4;4;4;4;4;3;5;3;3;4;4;3;4;4;4
681;0;1;1;0;5;5;4;4;4;5;5;4;5;4;5;4;1;1;2;2;1;3;4;5;3;3;5;3;3;2;3;3;4;2;2;2;3;1;1;1;4;3;2;2;2;5;4;4;4;3;3;3;1;3;3;3;3;3;3;3;3;3;3;3;3;3;3;3;3;3;3;3;3;3;3
682;0;1;1;0;5;5;5;5;5;5;3;3;3;3;3;3;3;3;3;3;3;3;3;3;3;3;3;3;3;3;3;3;3;3;3;3;3;3;3;3;3;3;3;3;3;3;3;3;3;3;3;3;3;4;4;4;4;4;4;4;4;4;4;4;4;4;4;4;4;4;4;4;4;4;4
683;1;1;1;0;5;5;5;5;5;5;3;3;3;3;3;3;4;4;4;4;4;4;4;4;4;4;4;4;4;4;4;4;4;4;4;4;4;4;4;4;4;4;4;4;4;4;4;4;4;4;4;4;4;5;5;5;5;5;5;5;5;5;5;5;5;5;5;5;5;5;5;5;5;5;5
684;1;1;1;0;5;5;5;5;5;5;4;4;4;4;4;4;2;4;4;2;2;2;2;2;2;2;2;2;2;2;2;2;2;2;2;2;2;2;2;2;2;2;2;2;2;2;2;2;2;2;2;2;2;5;5;5;5;5;4;4;4;4;3;3;3;3;3;3;3;3;3;3;3;4;4
685;0;1;1;0;5;5;5;5;5;5;3;3;3;3;3;3;3;3;4;2;4;2;4;3;4;3;3;5;3;4;3;4;5;3;5;3;5;3;5;3;3;4;3;2;5;2;2;4;3;3;5;3;4;2;4;3;4;3;5;3;4;4;5;3;5;4;3;5;5;4;3;4;5;3;4
686;0;1;1;0;4;4;4;4;3;4;3;4;3;4;4;3;4;4;4;4;4;4;3;4;4;3;4;4;4;3;3;4;3;3;4;4;4;4;3;4;4;4;4;3;4;4;3;4;3;4;3;4;3;4;4;3;4;3;4;3;4;3;4;3;4;3;4;3;4;4;3;4;4;3;4
687;0;1;1;0;5;5;5;5;5;5;4;5;5;5;5;5;3;4;2;3;5;5;5;5;5;5;5;5;5;5;5;5;5;5;5;5;5;5;5;5;5;5;5;5;5;5;5;5;5;5;5;5;5;5;5;5;5;5;5;5;5;5;5;5;5;5;5;5;5;5;5;5;5;5;5
688;0;1;1;0;5;5;5;5;3;5;4;4;4;4;5;5;2;2;2;2;2;4;4;3;3;4;3;3;3;3;2;2;4;4;3;4;5;3;3;5;2;2;2;2;2;3;4;4;4;4;4;4;4;5;5;5;5;5;5;5;5;5;5;5;5;5;5;5;4;4;5;5;4;4;4
689;0;1;1;0;5;4;5;5;4;5;3;3;3;3;3;3;4;3;4;4;4;4;3;3;3;3;3;3;3;3;3;4;4;4;3;3;3;3;3;3;3;4;3;4;4;4;5;5;5;5;4;5;5;5;5;4;4;4;4;4;4;4;5;4;4;4;4;4;5;4;4;4;5;4;4
690;1;1;1;0;5;5;5;5;5;5;4;4;4;4;4;4;3;3;3;3;3;3;3;3;3;3;3;3;3;3;3;3;3;3;3;3;3;3;3;3;3;3;3;3;3;3;3;3;3;3;3;3;3;4;4;4;4;4;3;3;3;3;3;3;3;3;3;3;4;4;4;4;4;4;4
691;0;1;1;0;4;4;4;4;4;4;4;4;4;4;4;4;3;3;3;3;3;3;3;3;3;3;3;3;3;3;3;3;3;3;3;3;3;3;3;3;3;3;3;3;3;3;3;3;3;3;3;3;3;4;4;4;4;4;4;4;4;4;4;4;4;4;4;4;4;4;4;4;4;4;4
692;1;1;1;0;4;3;3;3;3;3;4;3;4;3;4;3;3;3;3;3;3;3;3;2;2;3;2;2;3;2;3;3;3;3;2;3;2;2;2;2;2;2;2;2;2;2;3;3;3;3;3;3;2;3;3;2;2;3;3;2;3;2;3;2;2;3;3;2;3;3;4;3;4;3;3
693;0;1;1;0;4;4;3;4;3;4;4;3;4;3;4;4;5;3;4;4;4;4;4;4;4;4;3;4;4;5;4;5;4;4;3;4;3;3;4;4;4;4;4;3;4;3;4;4;4;4;4;4;4;4;4;4;3;4;4;5;5;4;3;4;4;4;4;4;4;5;5;5;5;5;5
694;0;1;1;0;4;4;5;5;5;5;3;2;2;2;2;2;1;1;1;1;1;3;2;4;3;3;2;3;2;2;2;2;2;1;1;1;3;2;2;2;3;2;2;3;2;4;3;2;2;3;3;3;2;3;4;4;4;2;4;4;3;3;4;4;4;4;3;4;4;3;3;2;4;4;4
695;1;1;1;0;4;4;5;3;5;2;3;3;4;4;3;3;4;4;2;3;2;4;2;3;3;3;4;4;3;2;3;2;1;2;3;2;2;2;2;3;4;4;5;5;4;5;5;5;4;4;4;4;3;4;4;4;4;4;4;4;4;4;4;3;4;5;5;4;4;4;4;3;4;3;3
696;1;1;1;0;5;5;5;5;5;5;5;5;5;5;5;5;5;5;5;5;5;3;3;3;4;4;4;3;3;3;3;3;3;3;3;3;3;3;3;3;3;3;3;3;3;3;3;3;3;3;3;3;3;5;5;5;5;5;5;5;5;5;5;5;5;5;5;5;5;5;5;5;5;5;5
697;0;1;1;0;5;5;5;5;5;5;1;1;1;1;1;1;1;1;1;1;1;3;3;3;3;3;3;3;3;3;3;3;3;3;3;3;3;3;3;3;3;3;3;3;3;3;3;3;3;3;3;3;3;4;4;4;4;4;4;4;4;4;4;4;4;4;4;4;4;4;4;4;4;4;4
698;0;1;1;0;3;4;5;4;5;5;5;4;5;5;5;5;2;2;2;2;2;3;3;4;3;3;2;3;2;2;2;2;2;3;2;3;2;2;2;3;2;4;2;2;2;3;4;3;2;2;3;2;2;4;4;4;5;3;4;4;4;4;4;4;4;4;3;4;4;4;3;4;3;3;3
699;1;1;1;0;3;4;4;4;4;4;3;3;3;3;3;3;3;3;3;3;3;3;3;3;3;3;3;3;3;3;3;3;3;3;3;3;3;3;3;3;3;3;3;3;3;3;3;3;3;3;3;3;3;4;4;4;4;4;4;4;4;4;4;4;4;4;4;4;4;4;4;4;4;4;4
700;1;1;1;0;5;5;5;5;5;5;3;3;3;3;3;3;4;4;4;4;4;4;4;4;4;4;4;3;3;3;3;3;3;3;3;3;3;3;3;3;4;4;4;4;4;4;4;3;4;4;3;3;4;4;4;3;4;4;5;4;3;4;4;5;3;4;5;3;3;5;4;5;3;4;2
701;0;1;1;0;3;2;3;4;1;1;5;5;4;5;5;5;2;1;1;1;2;4;3;4;4;5;4;4;5;4;5;4;4;4;4;5;4;4;5;4;4;5;1;3;3;3;4;5;4;4;5;2;5;5;5;5;4;5;4;4;5;4;5;4;4;5;4;5;4;5;5;5;4;4;5
702;0;1;1;0;4;4;4;4;4;4;3;2;3;3;2;2;4;3;3;4;3;4;4;4;4;3;4;5;4;4;3;4;5;4;4;5;4;4;5;4;4;5;4;4;5;4;4;3;3;4;5;4;4;5;4;5;4;5;4;4;4;4;4;5;4;5;4;4;4;4;4;4;4;4;4
703;1;1;1;0;5;5;3;1;4;3;3;3;3;3;3;3;4;4;4;4;4;1;2;4;4;3;3;3;1;2;3;3;3;2;4;4;3;1;1;1;5;1;1;4;3;5;5;3;1;3;1;1;4;1;1;1;1;1;5;5;5;5;3;3;3;3;3;3;3;3;3;3;3;3;3
704;1;1;1;0;4;3;4;3;4;4;3;3;3;4;3;4;3;2;3;4;3;3;4;3;4;3;4;3;3;3;2;3;4;4;3;3;4;3;4;3;4;3;4;3;4;3;3;4;3;4;3;4;3;3;4;3;4;3;3;4;3;4;3;4;3;4;3;4;3;4;3;4;3;4;3
705;1;1;1;0;4;4;5;4;5;5;4;3;3;3;3;3;3;3;3;3;3;4;3;4;3;4;4;3;4;4;3;4;4;4;3;3;3;4;3;4;4;4;3;3;3;3;4;4;4;3;4;3;3;4;4;3;4;4;4;3;4;4;3;4;4;4;4;3;4;5;4;5;4;5;4
706;0;1;1;0;3;3;3;3;3;3;3;2;3;2;3;2;3;2;3;2;2;3;3;3;3;3;3;3;3;3;3;3;3;3;3;3;3;3;3;3;3;3;3;3;3;2;2;3;3;3;2;3;3;4;4;4;4;4;4;4;4;4;4;4;4;4;4;4;4;4;4;4;4;4;4
707;0;1;1;0;5;3;4;3;3;4;4;4;4;4;4;4;2;2;2;2;2;3;3;4;3;3;3;3;3;3;3;3;3;3;3;3;3;3;3;3;4;4;3;4;3;4;4;3;4;4;4;3;3;4;3;4;4;3;4;5;4;3;4;4;3;3;4;4;4;3;3;3;4;3;4
708;0;1;1;0;5;5;5;2;5;5;1;2;1;1;2;1;4;1;2;1;1;5;5;4;4;4;4;5;4;4;4;4;5;4;3;4;5;4;2;4;3;4;4;4;3;3;5;4;4;4;5;4;5;5;5;5;5;5;4;5;5;5;5;5;5;5;5;4;4;4;5;4;5;4;5
709;1;1;1;0;3;4;4;3;3;4;3;3;3;3;3;3;3;4;2;3;3;4;4;4;4;3;4;4;4;3;4;4;4;4;3;4;3;4;4;4;4;4;3;3;4;4;4;3;4;3;3;3;2;3;3;4;3;4;3;3;3;4;3;3;3;3;3;4;3;4;4;3;4;4;3
710;1;1;1;0;5;5;5;4;5;5;3;3;4;3;3;2;4;4;4;4;4;4;3;4;4;3;4;4;4;3;3;4;4;5;4;4;4;3;4;3;4;3;3;4;4;4;4;5;4;3;4;4;4;4;3;4;4;3;4;3;3;4;4;5;4;4;3;4;5;5;4;5;4;4;3
711;0;1;1;0;5;5;5;5;4;5;3;4;3;3;3;4;4;4;4;4;4;4;4;4;4;4;4;4;4;4;4;4;4;4;4;4;4;4;4;4;4;4;4;4;4;4;4;4;4;4;4;4;4;4;4;4;4;4;4;4;4;4;4;4;4;4;4;4;4;4;5;5;5;5;5
712;0;1;1;0;3;4;5;2;3;4;4;4;4;3;4;4;2;2;1;1;2;3;2;2;3;2;2;2;3;1;2;3;2;2;3;2;3;3;1;3;1;3;1;3;1;3;1;3;1;3;1;2;2;1;3;1;2;2;2;3;4;2;4;4;2;3;2;4;4;4;3;3;3;3;2
713;1;1;1;0;4;4;4;4;4;4;3;3;3;3;3;3;3;3;3;3;3;3;3;3;3;3;3;3;2;3;2;3;2;3;3;3;2;3;3;3;3;3;2;3;3;3;3;3;3;3;3;3;3;3;3;3;3;3;3;3;3;3;3;3;3;3;3;3;3;3;3;3;3;3;3
714;0;1;1;0;4;4;4;4;4;4;3;3;4;4;4;4;4;4;4;4;4;5;4;4;4;4;4;4;4;4;4;4;4;4;4;4;4;4;4;4;4;4;4;4;4;4;5;5;4;4;4;4;4;5;4;3;4;5;4;3;3;3;3;4;4;4;4;4;4;4;5;4;4;4;4
715;1;1;1;0;4;3;5;3;4;3;4;3;4;4;4;4;2;2;2;3;2;4;2;3;4;2;4;4;3;3;3;3;3;4;4;4;4;4;4;4;4;4;4;4;4;4;4;4;4;4;4;4;4;1;3;2;3;3;3;3;2;3;4;4;3;3;3;3;3;3;3;3;4;4;4
716;0;1;1;0;5;5;5;5;5;5;3;3;2;2;2;2;4;2;3;2;2;4;4;4;3;3;3;4;2;3;2;2;3;4;4;4;3;4;3;3;4;4;4;4;4;4;4;4;2;5;5;5;4;5;5;4;4;4;4;5;4;4;5;5;5;4;4;4;5;5;4;4;4;4;4
717;1;1;1;0;1;1;1;1;1;1;1;1;1;1;1;1;4;4;4;4;4;4;4;4;4;4;4;4;4;4;4;4;4;4;4;4;4;4;4;4;4;4;4;4;4;4;4;4;4;4;4;4;4;4;4;4;4;4;4;4;4;4;4;4;4;4;4;4;4;4;4;4;4;4;4
718;1;1;1;0;5;5;5;5;5;5;2;2;2;2;2;2;2;2;2;2;3;2;2;2;2;2;2;2;2;2;2;2;2;2;2;2;2;2;2;2;2;2;2;2;2;2;2;2;2;2;2;2;2;3;3;3;3;3;3;3;3;3;3;3;3;3;3;3;5;4;4;4;4;4;4
719;0;1;1;0;3;3;3;3;3;3;4;4;4;4;4;4;1;1;1;1;1;1;1;1;1;1;1;1;2;1;1;1;1;1;1;1;1;1;1;1;1;1;1;1;1;1;1;1;1;1;1;1;1;3;3;3;3;3;3;3;3;3;3;3;3;3;3;3;4;4;4;4;4;3;4
720;0;1;1;0;4;4;4;4;4;4;5;5;5;5;5;5;5;5;5;5;5;3;3;4;5;4;5;5;4;3;5;5;5;4;5;5;5;4;3;5;5;2;2;5;5;5;5;5;5;5;5;5;5;5;5;5;5;5;4;4;4;4;5;5;5;5;5;5;4;4;4;4;4;4;4
721;1;1;1;0;5;4;5;5;5;5;4;2;4;4;4;4;3;3;4;4;3;4;5;5;4;5;5;4;5;4;4;5;4;4;5;5;3;5;5;5;4;4;2;4;4;5;5;4;4;5;5;5;4;5;5;5;5;4;4;4;4;5;5;5;4;4;5;5;5;5;5;4;5;5;4
722;0;1;1;0;5;5;5;5;5;5;4;4;4;5;5;5;1;1;2;1;1;1;1;2;1;2;2;2;2;1;1;1;1;3;3;4;4;3;3;4;2;3;5;5;4;4;4;4;5;5;4;4;4;5;5;5;5;5;5;5;5;5;5;5;5;5;5;5;4;4;4;4;3;4;4
723;1;1;1;0;5;5;5;5;5;5;4;5;5;5;5;5;5;5;5;5;5;5;5;5;4;4;5;5;5;5;4;4;5;5;4;5;5;4;4;4;4;5;5;5;5;5;5;5;5;5;5;5;4;5;5;5;5;5;5;5;4;5;3;4;4;4;4;4;5;5;5;5;5;5;5
724;0;1;1;0;4;3;5;5;4;4;2;3;3;3;3;3;4;4;4;3;4;3;2;4;4;3;3;4;3;2;3;2;2;3;4;3;4;3;3;4;3;4;3;4;3;4;3;4;3;4;3;4;3;3;4;3;4;3;3;4;3;4;3;4;3;4;3;4;4;5;4;5;4;5;4
725;0;1;1;0;4;4;4;4;2;3;5;4;4;4;5;4;1;1;1;2;1;2;2;2;3;2;2;3;2;2;3;2;3;3;2;3;3;2;2;2;2;3;2;3;3;3;3;2;2;2;2;2;2;3;3;3;4;4;5;5;5;5;5;5;5;5;5;5;3;4;4;4;3;3;3
726;0;1;1;0;4;4;4;4;4;4;3;3;3;3;3;3;3;3;3;3;3;3;3;3;3;3;3;3;3;3;3;3;3;3;3;3;3;3;3;3;3;3;3;3;3;3;3;3;3;3;3;3;3;3;3;3;3;3;3;3;3;3;3;3;3;3;3;3;3;3;3;3;3;3;3
727;1;1;1;0;4;4;4;4;4;4;4;4;4;4;4;4;3;3;3;3;3;3;3;3;3;3;3;3;3;3;3;3;3;3;3;3;3;3;3;3;3;3;3;3;3;3;3;3;3;3;3;3;3;3;3;3;3;3;3;3;3;3;3;3;3;3;3;3;4;4;4;4;4;4;4
728;1;1;1;0;3;3;3;3;3;3;3;2;3;3;3;3;3;3;3;3;2;4;4;3;3;3;3;4;3;3;4;4;3;4;3;4;3;3;3;4;2;4;3;4;4;4;4;4;4;3;3;4;4;4;4;4;4;3;4;4;4;4;4;4;4;4;4;4;4;4;3;4;4;4;4
729;0;1;1;0;5;5;5;5;5;5;2;2;2;2;2;2;3;3;3;3;3;4;4;4;4;4;4;4;4;4;4;4;4;4;4;4;4;4;4;4;4;5;4;5;4;5;3;3;3;5;2;1;5;2;3;3;5;3;5;4;2;4;3;5;3;4;4;3;3;3;1;5;3;4;3
730;1;1;1;0;5;5;5;5;5;5;4;4;4;4;4;4;3;3;3;3;3;3;3;3;3;3;3;3;3;3;3;3;3;3;3;3;3;3;3;3;4;3;3;3;3;3;3;3;3;3;3;3;3;3;3;3;3;3;3;3;3;3;3;3;3;3;3;3;3;3;3;3;3;3;3
731;0;1;1;0;5;5;5;5;5;5;5;5;5;5;5;5;4;3;5;5;5;5;5;5;4;5;5;5;5;5;5;5;4;4;3;4;4;3;3;3;3;3;3;3;3;3;4;4;4;4;4;4;4;4;4;4;4;4;4;4;3;3;4;4;4;4;4;4;4;4;4;4;4;4;4
732;0;1;1;0;3;3;3;3;3;3;4;4;4;4;4;4;3;1;1;1;1;2;2;2;3;3;4;3;2;2;3;3;3;3;3;3;3;1;1;1;1;1;1;1;1;1;3;1;1;3;1;2;3;2;2;2;2;2;2;3;3;3;2;3;1;3;4;2;3;3;3;3;1;1;1
733;1;1;1;0;5;5;5;3;4;4;2;2;2;3;2;2;4;3;4;4;4;3;4;3;3;2;3;4;4;4;4;4;4;4;4;4;4;3;3;3;4;4;3;4;4;4;4;4;4;4;4;4;4;4;4;4;4;4;4;4;4;4;4;4;4;4;4;4;4;4;5;4;4;4;4
734;1;1;1;0;5;5;5;5;5;5;5;5;5;5;5;5;2;2;2;2;2;4;4;4;3;3;3;3;3;3;3;3;3;3;3;3;3;3;3;3;3;3;3;3;3;3;3;3;3;3;3;3;3;3;3;3;3;3;3;3;3;3;3;3;3;3;3;3;3;3;3;3;3;3;3
735;1;1;1;0;4;4;4;4;4;4;4;3;3;3;3;3;3;2;2;2;2;3;3;3;3;3;3;3;3;3;3;3;3;3;3;3;3;2;2;2;2;2;3;3;3;3;3;3;3;3;3;3;3;3;3;3;3;3;3;3;3;3;3;3;3;3;3;3;4;4;4;4;3;3;3
736;0;1;1;0;5;4;5;4;5;4;5;5;5;5;5;5;3;3;4;3;2;4;4;5;4;5;4;4;3;3;3;4;4;5;5;4;5;5;5;4;5;5;3;4;4;4;4;4;4;4;4;4;5;4;4;4;4;3;4;4;5;5;5;5;4;4;4;4;5;4;5;5;4;4;5
737;1;1;1;0;4;5;4;5;4;5;3;3;3;3;3;3;4;4;4;4;4;4;3;4;4;4;4;4;3;4;3;3;4;4;4;4;4;4;4;4;4;4;4;4;4;3;3;4;4;4;4;4;3;4;4;4;4;4;3;3;4;4;4;4;4;4;4;4;3;4;4;4;4;5;5
738;0;1;1;0;4;4;4;4;4;4;4;4;4;4;4;4;3;3;3;3;3;3;3;3;3;3;3;3;3;3;3;3;3;3;3;3;3;3;3;3;3;3;3;3;3;3;3;3;3;3;3;3;3;4;4;4;4;4;4;4;4;4;4;4;4;4;4;4;4;4;4;4;4;4;4
739;1;1;1;0;2;5;5;1;3;5;5;4;5;5;5;5;2;2;2;2;2;3;4;4;4;2;2;2;2;2;5;2;4;4;4;3;5;2;3;3;4;4;1;3;2;4;5;3;5;5;5;5;5;4;4;4;4;2;5;5;5;5;5;5;5;5;5;5;5;5;5;5;5;5;5
740;0;1;1;0;3;3;5;5;5;5;4;3;4;3;5;5;4;4;4;4;3;4;3;5;4;5;3;4;3;1;2;1;1;2;4;4;5;4;3;1;5;2;4;1;3;3;5;3;1;3;1;4;4;4;4;4;4;4;4;4;4;4;4;4;4;4;4;4;3;4;4;4;3;4;4
741;1;1;1;0;4;4;4;4;4;4;3;3;3;3;3;3;3;3;3;3;3;2;2;2;3;3;3;3;3;3;3;3;3;3;3;3;3;3;3;3;3;3;3;3;3;3;3;3;3;3;3;3;3;3;3;3;3;3;3;3;3;3;3;3;3;3;3;3;3;3;3;3;3;3;3
742;1;1;1;0;5;5;5;5;5;5;3;4;4;3;3;3;3;4;2;2;1;4;3;2;5;4;5;3;2;1;2;4;4;4;4;4;2;3;3;4;3;4;3;3;2;4;4;4;2;3;4;5;2;4;4;5;5;5;5;5;4;3;5;5;4;3;5;5;5;5;4;5;5;5;5
743;0;1;1;0;3;3;3;3;3;3;3;3;3;3;3;3;3;3;3;3;3;2;2;2;2;2;2;2;2;2;2;2;2;2;2;2;2;2;2;2;2;2;2;2;2;2;2;2;2;2;2;2;2;2;2;2;2;2;3;3;3;3;3;3;3;3;3;3;3;2;2;2;2;2;3
744;0;1;1;0;3;4;4;3;4;4;5;3;4;4;4;4;2;3;1;1;2;4;3;4;3;2;3;2;2;3;2;3;3;2;3;3;3;2;1;3;2;5;3;3;3;4;4;3;3;2;3;3;3;3;4;4;4;3;4;4;4;4;4;4;4;4;4;4;3;3;4;3;3;4;3
745;0;1;1;0;3;3;3;3;3;3;3;3;3;3;3;3;3;3;3;2;2;3;3;3;3;3;3;3;3;3;3;3;3;3;3;3;3;3;3;3;3;3;3;3;3;3;3;3;3;3;3;3;3;3;3;3;3;3;3;3;3;3;3;3;3;3;3;3;3;3;3;3;3;3;3
746;1;1;1;0;5;5;5;5;5;5;4;5;3;5;5;3;5;3;5;3;5;3;3;4;3;4;4;3;4;4;3;4;3;3;5;5;3;3;5;3;3;5;3;5;3;5;3;3;5;3;5;3;3;3;3;3;3;3;3;3;3;3;3;4;3;4;3;4;5;3;5;3;3;4;3
747;1;1;1;0;4;4;4;4;4;4;2;2;4;2;4;3;3;3;3;2;3;3;4;4;3;4;3;4;3;3;4;4;3;3;4;3;4;4;3;4;3;3;4;4;3;3;3;3;4;4;4;3;4;3;2;3;3;2;2;3;3;3;2;2;3;3;4;4;2;3;3;2;2;3;2
748;0;1;1;0;5;5;5;5;5;5;4;3;3;3;4;3;3;3;3;3;3;3;4;3;3;4;4;4;4;4;4;3;3;3;4;3;3;3;4;3;3;3;3;3;3;3;4;4;3;2;3;3;3;4;3;4;4;3;3;4;3;3;3;3;4;4;4;4;4;4;4;4;3;4;4
749;0;1;1;0;5;5;5;5;5;5;2;2;1;2;4;2;5;4;5;5;5;5;5;5;5;5;5;5;5;5;5;5;5;5;5;5;5;5;5;5;5;5;5;5;5;5;5;5;5;5;5;5;5;5;5;5;5;5;5;5;5;5;5;5;5;5;5;5;5;5;5;5;5;5;5
750;0;1;1;0;5;5;5;5;5;5;3;3;3;4;4;3;3;2;2;2;2;3;3;3;3;3;3;3;3;3;3;3;3;3;3;3;3;3;3;3;3;3;3;3;3;3;3;3;3;3;3;3;3;4;4;4;4;3;3;4;4;4;4;4;4;4;4;5;5;5;5;5;4;4;4
751;1;1;1;0;5;5;5;4;5;5;3;2;2;2;2;2;4;3;4;4;4;3;2;2;3;3;4;4;4;3;4;4;4;4;4;4;4;4;4;5;4;4;2;4;4;4;4;4;4;4;3;4;5;4;4;4;5;4;4;4;4;5;4;5;4;4;4;5;5;5;4;4;4;4;4
752;1;1;1;0;4;4;4;4;4;4;3;3;3;3;3;3;3;3;3;2;2;2;2;2;2;2;2;2;2;2;3;3;3;3;3;3;3;3;3;3;3;3;3;3;3;3;3;3;3;3;3;3;3;3;3;3;3;3;3;3;3;3;3;3;3;3;3;3;3;3;3;3;3;3;3
753;1;1;1;0;5;5;5;5;5;5;3;4;3;3;4;3;3;3;3;3;3;4;4;4;4;4;4;4;4;4;4;4;4;4;4;4;4;4;4;4;4;4;4;4;4;4;4;4;4;4;4;4;4;5;5;5;5;5;5;5;5;5;4;4;4;4;4;4;5;5;5;5;4;4;4
754;0;1;1;0;5;5;5;5;5;5;4;2;4;5;4;4;3;2;4;2;1;3;3;3;3;2;3;1;3;4;2;3;4;1;2;5;4;1;2;3;2;3;3;3;3;3;3;3;3;3;3;3;3;3;3;4;4;4;4;4;4;5;5;2;2;4;4;4;5;5;1;3;3;3;3
755;1;1;1;0;5;5;5;4;5;5;3;4;2;3;3;3;2;3;3;2;2;3;3;3;3;3;3;3;3;3;3;3;3;3;3;3;3;3;3;3;3;3;3;3;3;3;3;3;3;3;3;3;3;3;3;3;3;3;3;3;3;3;3;3;3;3;3;3;3;3;3;3;3;3;3
756;0;1;1;0;5;4;5;5;5;3;3;3;3;4;3;3;2;3;3;3;3;3;2;3;3;4;4;4;2;1;3;3;3;4;4;4;3;3;2;3;3;3;3;3;3;3;3;3;3;3;3;3;3;4;4;4;4;4;5;5;4;4;4;4;4;4;4;4;4;4;4;4;4;4;4
757;1;1;1;0;5;4;5;3;3;4;4;4;4;5;5;5;2;3;1;1;1;3;4;5;2;4;5;4;4;5;5;3;3;4;3;3;1;5;4;5;3;3;3;3;3;3;3;5;4;5;5;4;4;4;4;5;5;5;3;3;5;4;5;4;4;5;4;4;5;5;5;5;3;3;3
758;1;1;1;0;5;5;5;5;5;5;5;5;5;5;5;5;5;5;5;5;5;5;5;5;5;5;5;5;5;5;5;5;5;4;4;4;4;5;5;5;5;5;5;5;5;5;5;5;5;5;5;5;5;4;4;4;4;4;4;4;4;4;4;4;4;4;4;4;4;4;4;4;4;4;4
759;0;1;1;0;4;4;4;4;4;3;3;3;4;4;4;4;2;2;2;1;1;3;3;4;3;3;4;4;4;4;2;3;4;4;3;4;4;3;3;2;2;4;3;4;3;5;3;4;4;4;3;3;4;3;3;3;4;3;3;3;4;4;3;4;4;3;4;3;4;3;3;3;3;3;4
760;1;1;1;0;4;4;4;4;4;4;3;3;4;4;4;3;3;3;3;2;2;3;3;3;3;3;3;3;3;3;3;3;3;3;3;3;3;3;3;3;3;3;3;3;3;3;3;3;3;3;3;3;3;4;4;4;4;4;4;4;4;4;4;4;4;4;4;4;4;4;4;4;4;4;3
761;1;0;0;0;;;;;;;1;1;1;1;1;1;3;3;3;3;3;3;3;3;3;3;3;3;3;3;3;3;3;3;3;3;3;3;3;3;3;3;3;3;3;3;3;3;3;3;3;3;3;3;3;3;3;3;3;3;3;3;3;3;3;3;3;3;3;3;3;3;3;3;3
762;1;1;1;0;4;4;4;4;3;3;3;3;3;3;3;3;2;2;2;2;2;3;3;3;3;3;3;3;3;3;3;3;3;3;3;3;3;3;3;3;3;3;3;3;3;3;3;3;3;3;3;3;3;3;3;3;3;3;3;3;3;3;3;3;3;3;3;3;3;3;3;3;3;3;3
763;1;1;1;0;5;5;5;5;5;5;3;3;2;3;4;3;4;3;3;4;2;5;5;5;4;4;5;5;3;2;4;4;4;5;4;5;5;5;4;3;4;5;3;4;4;5;5;5;4;4;3;4;5;5;5;5;4;5;5;5;5;5;5;5;5;5;5;5;3;4;4;3;4;4;4
764;0;1;1;0;5;5;5;5;5;5;4;4;4;4;4;4;3;3;3;3;3;3;3;3;3;3;3;4;5;5;4;4;4;4;4;4;5;4;4;4;4;4;4;4;4;4;3;3;3;3;3;3;3;3;3;3;3;3;3;3;3;3;3;3;3;3;3;3;3;3;3;3;3;3;3
765;1;1;1;0;2;2;3;2;4;4;4;4;4;4;4;4;3;3;3;3;3;3;3;3;3;3;3;3;3;3;3;3;3;3;3;3;3;3;3;3;3;3;3;3;3;3;3;3;3;3;3;3;3;3;3;3;3;3;3;3;3;3;3;3;3;3;3;3;3;3;3;3;3;3;3
766;1;1;1;0;4;4;4;4;4;4;3;3;3;3;3;3;3;3;3;3;3;3;3;3;3;3;3;3;3;3;3;3;3;3;3;3;3;3;3;3;3;3;3;3;3;3;3;3;3;3;3;3;3;3;3;3;3;3;3;3;3;3;3;3;3;3;3;3;3;3;3;3;3;3;3
767;0;1;1;0;4;4;4;4;4;4;3;3;3;3;3;3;3;3;3;2;3;3;3;3;3;4;4;4;4;4;3;3;3;3;3;3;3;3;3;3;3;3;3;3;3;3;3;3;3;3;3;3;3;4;4;4;4;4;5;5;5;5;5;5;5;5;5;5;4;4;4;4;5;5;5
768;0;1;1;0;2;3;3;3;3;3;3;3;3;3;3;3;3;3;3;3;3;3;3;4;4;3;4;4;4;3;3;4;3;3;3;3;3;3;3;4;3;3;3;4;4;4;4;3;4;3;4;4;4;4;4;3;3;3;3;3;3;3;3;4;3;4;3;4;4;3;3;3;3;3;3
769;0;1;1;0;5;5;5;3;5;4;5;5;5;5;5;5;3;5;5;5;5;4;4;4;4;4;4;4;4;4;4;4;4;4;4;4;4;4;4;4;4;4;4;4;4;4;4;4;4;4;4;4;4;5;4;5;5;4;4;4;4;4;4;4;4;4;4;4;5;4;5;4;4;4;4
770;1;1;1;0;4;4;4;4;4;4;2;2;2;2;2;2;3;3;3;3;3;4;4;4;4;3;4;3;3;3;4;4;3;4;4;4;4;3;4;3;3;4;4;3;4;5;4;4;4;4;4;3;4;3;4;4;4;4;4;4;4;4;4;4;4;4;4;4;4;4;4;4;3;4;4
771;0;1;1;0;5;5;5;5;5;5;5;5;5;5;5;5;2;2;1;2;1;4;2;3;4;3;4;5;4;4;3;3;3;4;3;4;4;4;4;4;4;4;4;4;3;5;5;4;3;5;5;5;5;3;4;4;5;2;4;5;5;5;4;4;4;3;5;5;5;5;5;5;5;5;5
772;0;1;1;0;1;1;1;1;1;1;2;2;1;2;1;2;2;2;3;2;2;3;3;3;2;2;3;2;3;2;2;3;4;4;4;4;4;3;4;4;4;3;3;4;3;3;3;3;3;4;3;4;3;4;4;4;4;4;4;4;4;4;4;4;4;4;4;4;4;4;4;4;4;4;4
773;1;1;1;0;5;5;5;5;5;5;5;5;5;5;5;5;5;5;5;5;5;5;5;5;4;4;4;5;5;5;5;5;5;5;5;5;5;5;5;5;5;5;5;5;5;5;5;5;5;5;5;5;5;5;5;5;5;5;5;5;5;5;5;5;5;5;5;5;5;5;5;5;5;5;5
774;0;1;1;0;4;4;5;4;4;4;4;4;5;5;5;5;5;5;5;5;5;3;3;3;3;3;3;3;3;3;3;3;3;3;3;3;3;3;3;3;3;3;3;3;3;3;3;3;3;3;3;3;3;4;4;4;4;4;4;4;4;4;4;4;4;4;4;4;4;4;4;4;4;4;4
775;0;1;1;0;5;5;5;4;5;5;3;4;4;3;4;4;5;4;3;2;3;5;5;5;4;5;5;4;5;5;5;4;4;5;3;4;4;4;2;5;4;5;5;4;5;5;5;4;5;5;5;4;5;5;4;5;4;5;5;4;5;5;4;4;4;5;5;5;5;4;5;5;5;5;4
776;1;1;1;0;5;4;4;4;4;4;2;2;2;2;2;2;4;4;4;4;4;4;4;4;4;4;4;4;4;4;4;4;4;4;4;4;4;4;4;4;4;4;4;4;4;4;4;4;4;4;4;4;4;4;4;4;4;4;4;4;4;4;4;4;4;4;4;4;4;4;4;4;4;4;4
777;0;1;1;0;3;3;4;3;4;3;3;3;3;3;3;3;3;3;3;3;3;4;4;3;3;4;4;4;3;3;3;4;4;3;4;4;4;3;3;3;3;3;3;3;3;3;4;4;4;3;4;4;4;3;3;3;3;3;3;3;3;3;3;3;3;3;3;3;3;3;3;3;3;3;3
778;0;1;1;0;4;4;4;4;4;4;3;3;3;3;3;3;3;3;3;3;3;4;4;4;4;4;4;4;4;4;4;4;4;4;4;4;4;4;4;4;3;3;3;3;3;3;4;4;4;3;4;4;4;4;4;4;4;4;4;4;4;4;4;4;4;4;4;4;3;3;3;3;3;3;3
779;0;1;1;0;5;5;5;5;5;5;3;3;3;3;3;3;2;2;2;2;2;3;3;3;3;3;3;3;3;3;3;3;3;3;3;3;3;3;3;3;3;3;3;3;3;3;3;3;3;3;3;3;3;4;4;4;4;4;4;4;4;4;4;4;4;4;4;4;4;4;4;4;4;4;4
780;1;1;1;0;5;3;4;5;4;3;4;3;3;4;4;4;3;2;2;3;2;4;4;3;3;4;4;4;2;4;4;4;3;3;4;4;4;4;4;3;3;4;2;2;2;3;3;3;3;3;3;3;3;4;4;4;4;4;3;3;3;3;3;3;3;3;3;3;2;4;4;5;4;4;4
781;1;1;1;0;5;4;5;5;3;3;5;5;5;5;5;5;1;1;1;1;1;2;2;2;2;2;2;2;2;2;2;2;2;2;2;4;2;2;2;2;2;2;2;2;2;2;2;2;2;2;2;2;2;5;5;4;5;5;5;5;5;5;5;5;5;5;5;5;5;5;5;5;5;5;5
782;1;1;1;0;4;4;4;2;4;3;4;4;4;3;2;2;3;3;2;3;3;3;2;4;2;2;2;3;2;2;3;3;2;3;2;3;4;3;2;4;3;2;3;1;3;2;3;2;4;2;3;4;3;4;3;4;2;4;3;2;3;4;4;4;3;2;3;3;3;4;3;4;2;4;3
783;1;1;1;0;1;5;4;1;4;5;1;1;1;1;1;1;5;5;5;5;5;2;2;2;1;1;1;1;1;1;2;2;3;4;1;4;1;1;3;2;3;1;3;2;3;2;4;2;4;3;2;3;3;4;3;4;3;3;3;3;3;4;1;2;3;3;3;3;2;3;4;3;3;3;2
784;0;1;1;0;4;4;4;4;4;4;3;3;3;3;3;3;3;3;2;3;3;4;4;4;4;5;3;4;4;4;3;3;3;5;4;4;4;4;4;4;3;3;3;3;3;3;3;3;3;3;3;3;3;4;3;4;4;3;4;4;3;3;4;4;3;3;4;3;4;3;3;4;4;4;4
785;1;1;1;0;5;5;5;5;5;5;3;3;3;3;3;3;3;3;3;3;3;3;3;3;3;3;3;3;3;3;3;3;3;3;3;3;3;3;3;3;3;3;3;3;3;3;3;3;3;3;3;3;3;4;4;4;4;4;4;4;4;4;4;4;4;4;4;4;5;5;5;5;5;5;5
786;0;1;1;0;5;5;5;3;4;5;3;3;4;3;3;4;4;3;3;4;4;4;4;4;4;3;4;4;3;3;4;4;4;5;5;5;4;4;4;3;3;3;4;4;4;4;4;4;4;5;5;5;4;4;4;4;4;4;4;4;5;5;4;4;4;4;5;4;4;4;4;4;5;5;5
787;1;1;1;0;2;3;3;1;4;3;3;2;3;2;3;3;3;4;4;3;3;3;3;2;3;3;2;3;2;3;3;3;2;2;4;2;2;3;3;2;3;2;2;3;3;2;3;2;3;3;2;3;3;3;2;3;2;3;3;4;2;4;3;2;3;3;2;3;3;2;3;3;2;3;3
788;1;1;1;0;5;5;5;5;5;5;5;5;5;5;5;5;5;5;5;5;5;4;4;4;4;5;5;5;4;3;3;3;3;4;4;4;5;5;5;4;4;4;3;3;3;4;4;5;4;4;4;4;4;3;4;4;3;4;3;3;3;4;5;4;3;3;5;5;4;4;4;3;5;5;5
789;1;1;1;0;4;4;4;4;4;4;3;3;3;3;3;3;2;3;2;3;3;3;3;3;3;3;3;3;3;3;3;3;3;3;3;3;3;3;3;3;3;3;3;3;3;3;3;3;3;3;3;3;3;3;3;3;3;3;3;3;3;3;3;3;3;3;3;3;3;3;3;3;3;3;3
790;0;1;1;0;4;5;5;5;4;4;3;3;3;3;4;4;3;3;3;3;3;4;5;4;3;3;3;4;3;4;4;4;4;3;4;4;4;4;3;3;3;3;3;3;3;4;3;3;3;3;4;3;3;4;4;4;4;3;4;4;3;4;4;4;4;3;4;3;4;4;4;4;4;4;4
791;1;1;1;0;5;4;5;4;5;5;2;2;3;3;3;3;4;4;4;4;4;4;4;4;3;3;4;4;3;5;4;4;5;5;4;5;5;3;3;5;4;3;3;4;5;5;5;5;5;5;4;5;5;4;4;5;5;2;3;3;3;3;4;5;5;4;5;5;4;4;4;4;4;4;4
792;1;1;1;0;3;3;5;4;4;4;4;4;4;4;4;4;3;3;3;3;3;2;2;2;2;2;2;2;2;2;2;2;2;2;2;2;2;2;2;2;2;2;2;2;2;2;2;2;2;2;2;2;2;2;2;2;2;2;3;3;3;3;3;3;3;3;3;3;3;3;3;3;3;3;3
793;1;1;1;0;5;5;5;5;5;5;3;4;4;4;4;4;3;3;3;3;3;3;4;2;3;5;5;2;2;2;3;3;3;2;3;3;3;3;3;3;3;3;3;3;3;3;3;3;3;3;3;3;2;3;3;3;3;3;3;3;3;3;3;3;3;3;3;3;3;3;3;3;3;3;3
794;0;1;1;0;3;3;4;4;4;4;3;3;3;3;3;3;2;2;2;2;2;2;3;3;3;3;3;3;3;3;3;2;3;3;3;3;3;4;4;4;3;4;3;3;3;3;4;4;4;4;4;4;4;4;4;4;4;4;4;4;4;4;4;4;4;4;4;4;3;4;4;3;4;4;4
795;0;1;1;0;5;5;5;5;5;5;3;3;3;3;3;3;3;3;3;3;3;4;4;4;4;4;4;5;5;5;4;4;4;4;4;4;4;4;4;4;4;4;4;4;4;4;4;4;4;4;4;4;4;4;4;4;4;4;4;4;4;4;4;4;4;4;4;4;4;4;4;4;4;4;4
796;0;1;1;0;5;5;5;3;5;5;3;4;4;4;4;5;3;3;3;3;2;1;2;4;4;4;3;4;2;1;2;2;2;4;4;4;4;4;4;4;5;5;5;5;5;2;4;4;4;4;4;4;4;3;4;4;2;2;1;4;4;4;2;2;2;2;2;2;4;4;4;4;4;3;3
797;1;1;1;0;4;5;3;5;5;5;4;2;3;4;3;3;4;2;2;4;2;4;4;4;3;3;4;4;4;4;4;4;4;4;4;4;4;2;4;4;4;4;3;4;4;4;4;4;4;4;4;4;4;4;4;4;4;4;4;4;4;4;4;5;4;4;5;4;4;4;4;4;4;4;4
798;0;1;1;0;4;4;4;4;4;4;2;2;2;2;2;2;4;4;5;4;4;4;4;4;4;4;4;4;4;4;4;4;4;4;4;4;4;4;4;4;4;4;4;4;4;4;4;4;4;4;4;4;4;4;4;4;4;4;4;4;4;4;4;4;4;4;4;4;4;4;4;4;4;4;4
799;0;1;1;0;4;4;4;4;4;4;3;3;3;3;3;3;3;3;3;3;3;3;3;3;3;3;3;3;3;3;3;3;3;3;3;3;3;3;3;3;3;3;3;3;3;3;3;3;3;3;3;3;3;3;3;3;3;3;3;3;3;3;3;3;3;3;3;3;3;3;3;3;3;3;3
800;0;1;1;0;4;5;5;4;4;4;3;3;3;3;4;4;3;3;3;3;3;4;3;4;3;3;4;4;3;2;3;3;3;3;3;3;3;3;3;3;3;3;3;3;3;3;3;3;3;3;3;3;3;3;3;3;3;3;3;3;3;3;3;3;3;3;3;3;3;3;3;3;3;3;3
801;0;1;1;0;5;5;5;5;5;4;5;2;5;5;5;2;2;1;1;3;1;5;5;5;5;5;5;5;5;5;4;3;3;5;5;5;5;5;5;5;5;5;5;5;5;5;4;4;3;2;5;5;3;5;5;5;5;5;5;5;5;4;5;5;5;5;5;4;5;5;4;4;5;5;5
802;0;1;1;0;2;3;4;4;2;3;4;4;4;5;4;5;2;2;2;2;1;4;4;3;4;3;2;4;3;2;3;3;3;3;3;4;3;3;2;3;3;3;3;3;3;3;3;3;3;3;3;3;3;4;4;4;4;4;3;3;3;3;4;4;4;4;4;4;4;4;4;4;3;3;3
803;0;1;1;0;4;4;4;4;4;4;3;3;3;3;3;3;3;3;3;3;3;3;3;3;3;3;3;3;3;3;3;3;3;3;3;3;3;3;3;3;3;3;3;3;3;3;3;3;3;3;3;3;4;1;4;3;4;3;3;2;3;3;2;3;3;3;3;3;3;4;1;3;1;3;2
804;1;1;1;0;5;5;5;5;5;5;3;3;4;4;4;5;5;3;3;5;1;4;4;5;3;3;5;5;5;3;3;3;1;4;5;5;5;4;3;4;5;5;5;5;5;5;5;5;4;4;4;4;4;5;5;5;5;5;5;5;5;5;5;5;5;5;5;5;3;4;4;4;5;5;5
805;0;1;1;0;4;4;5;4;4;4;4;3;3;4;2;4;2;3;2;3;3;4;4;4;4;4;4;4;4;4;4;4;4;4;4;4;4;4;4;4;4;4;4;3;3;3;3;3;3;3;3;3;3;3;4;4;4;4;4;4;4;4;4;4;4;4;4;4;4;4;4;4;4;4;4
806;1;1;1;0;5;5;5;5;5;5;3;3;3;3;3;3;3;3;3;3;3;3;4;4;3;4;2;4;2;3;4;3;3;3;4;3;3;3;4;4;5;4;4;5;3;5;3;2;4;3;4;4;3;3;3;4;4;3;3;4;3;3;4;4;4;3;4;3;5;5;4;5;4;4;5
807;0;1;1;0;5;5;5;5;5;5;3;3;3;3;3;3;2;2;2;2;2;4;4;4;4;4;4;4;4;4;4;5;5;4;4;3;3;5;5;5;5;5;5;5;5;5;5;5;5;5;5;5;5;3;4;3;4;4;3;3;4;4;4;3;3;3;3;3;3;5;5;5;4;4;4
808;0;1;1;0;2;4;5;5;5;4;4;3;3;4;3;3;3;2;3;1;2;3;3;4;3;4;3;4;4;4;4;4;4;4;3;4;3;2;3;3;4;4;2;4;3;3;4;2;2;3;3;2;3;3;3;3;3;3;3;3;4;4;3;4;3;4;3;4;4;4;3;3;4;4;4
809;0;1;1;0;3;4;3;4;3;4;2;2;4;3;4;3;3;3;3;3;3;3;4;4;4;4;4;4;4;4;4;4;4;4;4;4;4;4;4;4;4;4;4;4;4;4;4;4;4;4;3;4;4;3;3;4;3;3;3;3;3;3;3;3;3;3;3;3;3;3;3;3;3;3;3
810;0;1;1;0;4;4;4;4;4;4;2;2;3;2;3;2;4;4;4;3;4;4;4;4;4;4;3;4;3;3;4;4;3;3;4;4;4;4;4;4;4;4;4;4;4;4;4;3;2;4;4;4;4;4;4;4;4;4;4;4;4;4;4;4;4;4;4;4;4;4;4;4;4;4;4
811;1;1;1;0;4;4;4;4;4;4;4;3;3;3;3;3;3;3;3;3;3;4;4;4;3;3;3;3;3;3;3;3;3;3;3;3;3;3;3;3;3;3;3;3;3;3;3;3;3;3;3;3;3;3;3;3;3;3;3;3;3;3;3;3;3;3;3;3;4;4;4;4;3;3;3
812;1;1;1;0;4;4;4;4;4;4;3;3;3;3;3;3;3;3;3;3;3;3;3;3;3;3;3;3;3;3;3;3;3;4;3;3;3;3;3;3;3;3;3;3;3;3;3;3;3;3;3;3;3;4;4;4;4;4;4;4;4;4;4;4;4;4;4;4;3;3;3;3;3;3;3
813;0;1;1;0;4;4;3;3;3;3;4;3;4;4;4;4;3;3;3;3;3;3;3;3;3;3;3;3;3;3;3;3;3;3;3;3;3;3;3;3;3;3;3;3;3;3;3;3;3;3;3;3;3;4;4;4;4;4;4;4;4;4;4;4;4;4;4;4;4;3;3;3;3;3;3
814;1;1;1;0;4;5;4;4;4;5;4;4;4;4;4;4;2;1;1;2;2;4;2;3;2;2;2;2;2;3;2;3;2;2;2;2;2;2;2;2;2;3;2;2;3;2;2;3;2;2;2;3;3;4;5;4;4;5;3;4;3;4;4;5;4;5;4;5;4;5;5;4;4;4;5
815;0;1;1;0;5;5;5;5;5;5;5;3;3;3;5;5;4;3;2;2;2;5;5;5;5;5;5;5;5;3;5;3;3;5;5;5;5;5;5;5;5;5;5;5;5;5;5;5;5;5;5;5;5;4;4;4;4;4;5;5;5;5;5;5;5;5;5;5;5;5;5;5;5;5;5
816;0;1;1;0;2;2;4;2;2;5;2;3;3;4;5;3;2;2;2;2;2;3;3;4;3;4;2;4;3;2;3;4;2;4;4;4;4;3;3;3;4;4;4;4;4;4;5;5;5;5;5;5;5;4;4;4;5;2;4;4;4;5;5;5;5;5;5;5;5;5;5;5;5;5;5
817;0;1;1;0;4;4;4;4;4;4;4;4;4;4;4;4;4;4;4;4;4;3;3;3;3;3;3;3;3;3;3;3;3;3;3;3;3;3;3;3;3;3;3;3;3;3;3;3;3;3;3;3;3;4;4;4;4;4;4;4;4;4;4;4;4;4;4;4;4;4;4;4;4;4;4
818;0;1;1;0;5;4;5;3;5;4;4;4;5;5;5;5;2;2;2;2;2;3;3;2;3;3;3;4;4;3;3;3;3;4;4;4;4;3;2;3;4;4;3;3;3;3;3;3;3;3;3;3;3;4;4;4;4;4;4;4;4;4;4;4;4;4;4;4;4;4;4;4;4;4;4
819;1;1;1;0;3;4;4;3;4;4;3;3;4;4;4;5;3;3;2;2;2;3;2;3;3;2;3;3;2;2;3;3;3;3;3;3;3;2;2;3;3;3;1;2;3;4;3;3;3;2;2;3;1;3;3;3;3;3;3;3;3;3;3;3;3;3;3;3;4;4;3;4;3;3;3
820;0;1;1;0;2;3;3;3;3;3;3;3;3;4;4;4;2;2;2;2;2;3;4;4;4;4;4;4;3;3;3;3;3;4;4;4;4;3;3;4;3;3;3;3;4;4;4;4;4;4;4;4;4;3;3;4;4;3;3;4;4;4;4;4;4;3;4;4;3;4;3;4;4;4;4
821;1;1;1;0;4;4;4;2;4;4;3;3;3;3;4;4;3;3;3;3;3;3;3;3;3;3;3;3;3;3;3;3;3;3;3;3;3;3;3;3;3;3;3;3;3;3;3;3;3;3;3;3;3;4;4;4;4;4;3;3;5;4;3;3;3;3;3;3;3;3;3;3;3;3;3
822;1;1;1;0;5;5;5;5;5;5;3;3;2;2;2;2;4;4;4;4;4;5;3;3;4;4;4;4;4;4;4;4;4;4;4;4;4;4;4;4;4;4;4;4;4;4;4;4;4;4;4;4;4;4;4;4;4;4;4;4;4;4;4;4;4;4;4;4;1;1;1;1;4;4;4
823;1;1;1;0;5;5;5;5;5;5;5;5;5;5;5;5;5;5;5;5;5;5;5;5;4;4;5;5;5;5;5;5;5;5;5;5;5;5;5;5;5;5;5;5;5;5;4;4;4;4;4;4;4;4;4;4;4;4;4;4;4;4;4;4;4;4;4;4;4;4;4;4;3;3;3
824;0;1;1;0;3;4;5;3;5;5;5;5;5;5;5;5;1;1;1;1;1;4;4;4;4;3;3;4;2;2;2;2;2;3;3;3;3;3;4;4;4;3;3;3;3;4;4;4;4;3;3;3;4;4;4;4;4;3;4;4;4;4;4;4;4;4;4;4;4;4;4;4;4;4;4
825;0;1;1;0;4;4;4;3;3;5;4;4;3;5;4;5;3;2;2;3;2;3;4;4;3;3;2;3;3;2;4;3;3;4;3;4;4;4;4;3;3;3;3;3;3;3;3;3;3;3;3;3;3;4;4;4;4;4;3;3;4;3;4;4;4;4;4;4;4;4;4;4;4;4;4
826;0;1;1;0;4;4;4;4;4;4;3;2;2;2;2;2;4;4;4;4;4;3;4;3;3;4;3;3;4;3;3;4;3;4;3;4;3;3;4;3;3;4;3;4;3;4;3;4;3;4;3;4;3;4;4;4;4;4;4;4;4;4;4;4;4;4;4;4;4;4;4;4;4;4;4
827;1;1;1;0;4;4;4;4;4;4;3;3;3;3;3;3;3;3;3;3;3;3;3;3;3;3;3;3;3;3;3;3;4;3;3;3;3;3;3;3;3;3;3;3;3;3;3;3;3;3;3;3;3;4;4;4;4;4;4;4;4;4;4;4;4;4;4;4;4;4;4;4;3;4;4
828;1;1;1;0;4;4;4;4;4;4;2;2;2;2;2;2;3;3;3;3;3;3;3;3;3;3;3;3;3;3;3;3;3;3;3;3;3;3;3;3;3;3;3;3;3;3;3;3;3;3;3;3;3;4;4;4;4;4;3;3;3;3;3;3;3;3;3;3;4;4;4;4;4;4;4
829;1;1;1;0;4;4;4;4;4;4;4;4;4;4;4;4;4;4;4;4;4;4;4;4;4;4;4;4;4;4;4;4;4;4;4;4;4;4;4;4;3;3;3;3;3;3;4;4;4;4;4;4;4;3;3;3;3;3;3;3;3;3;3;3;3;3;3;3;3;3;3;3;3;3;3
830;1;1;1;0;2;5;5;3;4;2;4;4;4;4;4;4;5;5;5;2;2;3;4;2;1;1;1;4;4;4;5;5;5;4;2;3;2;2;1;1;1;1;1;1;1;4;5;1;4;5;2;2;4;2;4;3;5;5;5;3;5;5;4;4;4;4;4;4;3;3;3;4;3;3;3
831;1;1;1;0;4;4;4;4;4;4;3;3;3;3;3;3;3;3;3;3;3;3;3;3;3;3;3;3;3;3;3;3;3;3;3;3;3;3;3;3;3;3;3;3;3;3;3;3;3;3;3;3;3;3;3;3;3;3;3;3;3;3;3;3;3;3;3;3;3;3;3;3;3;3;3
832;1;1;1;0;4;4;4;4;4;4;3;2;3;3;2;3;3;3;3;3;3;5;4;4;4;4;4;4;3;4;4;4;3;3;4;4;4;3;2;3;3;3;2;3;3;2;4;4;3;3;3;4;3;3;4;2;4;3;3;4;4;3;3;4;4;3;3;4;4;3;4;4;3;4;4
833;0;1;1;0;5;5;5;5;5;5;3;3;3;3;4;4;5;5;4;5;4;4;5;4;5;5;4;5;4;5;4;5;5;4;4;5;4;5;4;5;4;5;5;4;5;5;4;4;5;5;5;4;5;4;5;4;5;4;5;4;4;5;4;4;5;4;4;5;4;5;4;4;5;4;5
834;1;1;1;0;5;5;5;5;5;5;3;3;3;3;3;3;3;3;3;3;3;3;3;3;3;3;3;3;3;3;3;3;3;3;3;3;3;3;3;3;3;3;3;3;3;3;3;3;3;3;3;3;3;4;4;4;4;4;4;4;4;4;4;4;4;4;4;4;4;3;4;1;5;3;3
835;1;1;1;0;3;4;5;5;5;5;3;3;3;2;3;2;4;4;4;3;3;4;3;4;4;4;3;3;3;4;4;4;4;4;4;4;3;4;4;4;3;4;3;4;3;4;5;4;4;4;4;4;4;4;4;4;4;4;3;4;4;4;4;4;4;4;4;4;4;4;4;4;5;4;5
836;0;1;1;0;5;3;4;4;4;3;5;4;5;5;5;4;2;1;2;3;1;4;4;4;4;4;4;4;4;4;3;3;3;3;3;4;4;2;2;3;2;3;3;4;3;3;4;4;3;3;3;3;4;5;5;5;5;5;5;5;5;5;5;5;5;5;5;5;4;4;4;4;4;4;4
837;1;1;1;0;4;4;5;5;5;5;2;2;2;2;3;2;3;3;2;3;3;4;3;4;4;5;5;4;4;5;3;3;2;4;4;4;3;4;4;3;4;4;4;4;3;5;4;4;3;5;5;4;4;4;5;5;4;4;3;4;4;5;3;4;3;4;4;4;5;5;5;5;4;4;5
838;1;1;1;0;4;4;4;5;4;4;4;4;4;4;4;4;1;1;2;1;1;4;3;4;4;4;4;4;4;4;4;3;3;4;3;4;3;4;3;4;4;3;5;4;5;5;4;4;4;5;4;5;4;5;5;5;5;5;5;5;4;4;4;5;4;5;3;4;5;4;5;4;4;4;3
839;0;1;1;0;3;3;3;3;3;3;3;3;3;3;3;3;4;4;4;4;4;5;4;5;4;5;4;5;4;4;3;3;3;5;5;5;5;5;4;4;5;5;4;5;5;5;4;5;4;4;5;4;5;5;5;5;5;5;4;5;5;5;5;5;5;5;5;5;4;4;3;4;4;4;4
840;1;1;1;0;5;5;4;4;4;3;4;3;4;5;3;3;4;3;3;4;3;4;3;4;4;5;4;5;4;4;4;5;4;4;4;3;4;3;2;3;4;4;4;3;3;3;5;5;4;4;5;4;5;5;5;5;5;5;4;4;5;5;5;5;5;4;5;3;5;5;5;5;5;5;5
841;0;1;1;0;3;3;4;3;3;3;2;3;3;2;2;3;3;2;3;3;3;3;4;4;3;3;4;4;4;3;3;3;4;4;4;3;3;3;3;4;4;4;3;3;3;4;4;3;3;3;4;4;4;3;3;3;4;4;3;3;4;4;3;4;2;4;4;4;3;3;4;4;4;4;3
842;0;1;1;0;1;1;1;1;1;1;4;4;4;3;3;3;3;3;3;3;3;2;2;3;2;2;3;2;3;2;2;3;3;3;3;3;3;3;3;3;3;2;3;3;3;3;3;2;2;3;2;3;3;3;3;2;2;3;2;2;3;4;2;2;4;2;4;2;4;2;2;4;4;2;3
843;0;1;1;0;4;4;5;3;4;4;4;4;3;3;4;4;3;3;3;3;3;3;3;3;3;3;3;3;3;3;3;3;3;3;3;3;3;3;3;3;3;3;3;3;3;3;3;3;3;3;3;3;3;3;3;3;3;3;3;3;3;3;3;3;3;3;3;3;3;3;3;3;3;3;3
844;0;1;1;0;3;3;3;3;3;3;4;4;4;4;4;4;3;3;3;3;3;3;3;3;3;3;3;3;3;3;4;4;4;3;3;3;3;1;1;1;1;1;1;1;1;1;3;3;3;1;1;1;3;3;3;3;3;3;3;3;3;3;3;3;3;3;3;3;3;3;3;3;3;3;3
845;1;1;1;0;1;1;1;1;1;1;4;4;4;3;4;3;3;3;3;3;3;4;3;4;4;4;4;3;4;3;3;3;3;3;4;4;4;3;3;3;3;3;4;3;4;3;3;4;4;3;4;4;3;5;5;5;4;4;5;5;4;4;4;5;5;4;2;5;5;5;4;5;4;5;5
846;1;1;1;0;4;4;5;5;5;5;3;2;2;2;1;3;2;2;3;3;2;5;3;4;5;3;4;3;2;2;5;5;5;5;4;4;4;3;3;3;3;4;5;4;5;5;5;4;4;5;4;5;5;4;4;4;4;4;3;3;3;3;4;3;4;3;4;3;4;4;3;5;3;3;3
847;0;1;1;0;3;3;4;3;4;4;3;4;4;4;4;5;2;2;2;2;2;2;5;5;5;3;4;4;3;2;4;4;4;5;3;4;5;4;3;5;5;5;4;4;4;4;4;5;4;5;4;4;4;3;5;4;4;4;4;4;4;4;5;5;5;5;5;5;4;5;3;4;5;5;4
848;1;1;1;0;4;4;4;4;4;4;3;3;3;3;3;3;3;3;3;3;3;3;3;3;3;3;3;3;3;3;3;3;3;3;3;3;3;3;3;3;3;3;3;3;3;3;3;3;3;3;3;3;3;4;4;4;4;4;4;4;4;4;3;3;3;3;3;3;3;3;3;3;3;3;3
849;1;1;1;0;4;4;4;4;3;3;3;4;4;4;4;4;3;3;1;1;1;1;1;3;4;2;2;2;2;2;1;3;2;1;1;1;1;1;1;1;1;1;1;1;1;1;3;3;2;3;2;1;3;1;1;2;3;1;2;1;2;3;2;3;2;3;2;3;3;3;3;3;3;3;3
850;0;1;1;0;4;4;4;4;4;4;3;3;3;3;3;3;4;4;4;4;4;4;4;4;4;4;3;3;3;3;4;3;4;3;4;3;4;3;3;3;3;3;4;3;3;4;4;4;3;3;3;3;3;3;3;4;3;3;4;4;4;4;4;4;4;4;4;4;4;3;4;4;4;3;4
851;0;1;1;0;5;5;5;5;5;5;2;2;2;3;2;3;5;5;5;4;3;2;4;4;3;4;4;4;3;3;4;4;4;3;3;4;3;3;2;3;4;4;4;4;4;4;4;4;4;4;4;4;4;4;4;4;4;4;4;4;4;4;4;4;4;4;4;4;3;3;3;3;3;3;3
852;0;1;1;0;4;4;4;3;4;4;4;4;4;5;5;5;2;2;1;2;1;3;3;3;3;3;3;4;2;2;3;3;3;2;3;3;2;2;2;4;4;4;4;4;4;4;4;3;4;4;4;4;2;4;4;4;4;4;4;4;4;4;4;4;4;4;4;4;3;4;3;4;4;4;3
853;0;1;1;0;4;3;5;5;3;3;4;3;4;4;4;4;2;3;1;2;2;5;3;3;3;3;3;3;3;3;3;3;3;3;3;3;3;3;3;3;3;4;4;4;4;4;4;3;3;3;3;3;3;4;4;4;4;4;4;4;4;4;4;5;4;4;4;4;4;4;4;4;5;5;5
854;1;1;1;0;3;3;4;2;4;3;3;3;2;1;2;2;3;2;1;1;2;3;3;3;3;3;3;3;2;2;3;3;3;3;3;3;3;3;3;3;3;3;3;2;3;4;3;2;3;3;3;3;3;3;3;3;3;3;3;3;3;3;3;3;3;3;3;3;3;2;4;3;4;3;3
855;0;1;1;0;5;5;5;5;5;5;4;5;5;5;5;5;5;3;5;4;5;3;4;3;5;5;5;5;5;5;2;4;5;2;3;4;5;2;4;2;5;4;1;5;5;5;5;5;5;5;2;5;3;1;2;2;1;2;2;4;4;4;2;2;2;4;2;1;4;4;3;4;4;4;4
856;1;1;1;0;3;3;3;2;3;3;2;2;2;2;2;2;3;3;3;3;3;3;3;3;3;3;3;3;3;3;3;3;3;3;3;2;3;4;3;4;3;3;3;4;4;3;3;4;3;3;3;3;3;3;3;3;3;3;3;3;4;3;3;3;4;3;3;3;3;3;4;3;4;4;3
857;0;1;1;0;5;5;5;5;4;5;4;4;4;4;4;4;3;3;2;2;2;3;4;4;4;3;3;3;4;3;3;3;3;3;4;3;4;4;3;4;4;3;4;4;4;4;4;3;4;4;4;4;4;4;3;4;3;4;4;4;3;4;4;3;4;3;4;3;4;3;4;3;4;4;4
858;0;1;1;0;4;4;5;4;4;4;3;3;4;3;4;4;2;2;2;2;2;3;4;5;3;2;3;2;3;3;3;3;3;3;3;3;3;3;3;3;4;4;3;4;4;4;3;4;4;3;4;3;4;4;4;4;4;4;3;4;4;4;5;4;5;5;5;4;4;4;4;4;5;4;5
859;1;1;1;0;4;5;5;3;5;3;3;2;3;2;3;1;5;5;5;5;4;2;4;4;4;5;4;4;3;2;4;4;3;4;4;4;3;3;3;4;4;3;2;3;2;4;4;5;4;5;3;4;4;4;4;4;4;3;3;2;4;5;4;4;4;4;5;3;4;4;3;4;3;4;4
860;1;1;1;0;3;2;4;4;3;3;3;2;3;3;4;3;2;3;3;2;2;4;3;4;4;3;3;3;3;3;3;3;3;3;3;3;3;3;3;3;3;3;3;3;3;3;3;3;3;3;3;3;3;3;3;3;3;3;3;3;3;3;3;3;3;3;3;3;3;4;3;3;3;3;3
861;1;1;1;0;5;5;5;5;5;5;2;2;2;1;1;1;2;1;1;1;1;3;3;3;3;3;3;3;3;3;3;3;3;3;3;3;3;3;3;3;3;3;3;3;3;3;3;3;3;3;3;3;3;3;3;3;3;3;3;3;3;3;3;3;3;3;3;3;2;2;2;2;2;2;2
862;0;1;1;0;4;4;5;4;5;5;4;3;3;3;3;3;5;4;5;4;3;3;3;4;4;4;3;5;3;3;3;3;3;5;4;4;4;3;3;4;3;3;2;2;2;4;4;4;2;3;3;4;4;2;4;4;4;2;4;4;4;4;4;5;4;4;5;2;4;4;3;4;4;4;4
863;0;1;1;0;4;4;4;4;5;5;3;4;2;4;4;5;3;3;3;3;3;4;3;4;3;3;3;4;3;4;4;4;4;3;4;4;3;3;3;4;3;3;3;3;3;3;3;3;3;4;3;4;4;4;3;3;3;4;3;3;3;4;3;3;3;3;4;3;4;3;4;3;3;3;3
864;0;1;1;0;4;4;5;4;5;3;3;3;2;2;3;3;4;3;4;4;4;4;4;4;4;3;4;4;3;4;4;4;3;3;4;3;5;3;3;4;4;3;4;3;4;4;3;4;5;4;3;4;5;4;3;5;5;4;4;4;4;5;5;3;4;5;4;4;4;3;5;3;3;4;4
865;1;1;1;0;4;3;5;4;5;5;5;5;4;5;5;5;1;2;1;1;3;3;2;3;4;2;2;3;1;3;4;3;3;5;4;4;2;3;3;3;3;2;2;2;3;3;3;4;2;3;1;3;4;4;4;5;5;5;4;5;5;5;5;5;5;5;4;5;3;3;4;3;4;4;4
866;1;1;1;0;5;5;5;5;5;5;3;3;3;3;3;3;3;3;3;3;3;3;3;3;3;3;3;3;3;3;3;3;3;3;3;3;3;3;3;3;3;3;3;3;3;3;3;3;3;3;3;3;3;4;4;4;4;4;5;4;4;4;4;4;4;4;4;4;4;4;4;4;4;4;4
867;0;1;1;0;5;5;5;5;5;5;5;5;5;4;5;5;1;2;1;1;1;4;4;3;3;2;3;3;3;3;2;2;3;3;3;3;3;3;3;3;2;3;2;3;3;3;3;4;3;3;4;4;5;4;4;4;4;4;4;3;3;4;3;4;4;4;3;4;4;4;4;4;4;4;4
868;0;1;1;0;3;4;4;4;3;4;3;4;3;4;3;4;3;4;4;4;3;4;3;4;4;3;4;3;3;3;3;3;3;3;4;4;3;3;4;4;4;3;4;4;3;4;4;4;3;4;3;4;4;3;3;2;2;3;3;4;2;4;4;4;3;3;3;3;3;4;3;3;2;2;2
869;1;1;1;0;4;4;4;4;4;4;3;3;3;3;3;3;3;3;3;3;3;3;3;3;3;3;3;3;3;3;3;3;3;3;3;3;3;3;3;3;3;3;3;3;3;3;3;4;3;3;3;3;3;3;3;3;3;3;3;3;3;3;3;3;3;3;3;3;3;3;3;3;3;3;3
870;1;1;1;0;5;3;5;5;5;5;3;3;3;4;4;3;3;2;2;3;3;3;4;5;4;3;4;4;3;4;3;3;4;3;4;3;2;2;2;3;3;4;2;4;3;5;3;4;4;4;3;4;5;5;4;3;4;5;4;4;4;3;5;4;5;5;5;5;5;4;4;5;5;4;5
871;1;1;1;0;3;3;3;3;3;3;3;3;3;3;3;3;3;3;3;3;3;4;4;3;3;4;4;4;3;3;3;4;4;4;3;4;4;3;3;4;4;3;3;3;3;4;4;4;4;4;4;4;4;4;4;4;4;4;4;4;4;4;4;4;4;4;4;4;3;3;3;3;4;4;4
872;0;1;1;0;2;4;5;4;5;5;4;4;4;4;4;4;1;1;1;1;1;4;4;4;4;4;3;4;3;4;3;4;4;4;3;3;3;2;1;1;1;2;1;1;2;2;2;2;1;1;1;2;2;3;2;2;3;4;3;2;3;5;4;4;5;3;4;3;5;4;4;5;5;5;5
873;0;1;1;0;4;4;4;4;5;5;3;3;3;3;3;3;3;3;3;3;3;3;3;3;4;4;3;3;3;3;3;4;3;3;3;3;3;3;3;3;3;3;3;3;3;3;3;3;3;3;3;3;3;1;1;1;1;1;1;1;1;1;1;1;1;1;1;1;4;4;4;4;4;4;4
874;1;1;1;0;1;3;4;3;2;3;2;3;2;4;2;3;3;3;3;3;3;2;3;4;5;4;4;4;4;3;4;4;3;4;3;4;3;4;3;3;4;3;5;3;5;2;4;3;3;3;3;3;3;2;3;3;3;3;3;3;4;3;3;3;4;3;3;4;3;4;4;4;4;3;4
875;0;1;1;0;3;4;4;4;4;4;4;4;4;4;4;4;3;3;3;3;3;3;3;3;3;3;3;3;3;3;3;3;3;3;3;3;3;3;3;3;3;3;3;3;3;3;3;3;3;3;3;3;3;3;3;3;3;3;4;4;4;4;4;4;4;4;4;3;4;4;4;4;4;4;4
876;1;1;1;0;4;4;5;5;5;5;2;2;2;2;2;2;4;4;4;4;4;4;4;4;4;4;4;4;3;2;4;4;3;4;4;4;4;4;4;3;4;4;4;4;4;4;3;3;3;3;3;3;3;4;5;5;4;3;4;5;4;3;4;5;5;4;5;4;5;5;5;4;4;5;4
877;1;1;1;0;5;4;5;3;5;5;3;2;4;4;4;3;4;2;3;2;2;4;4;4;4;4;4;4;3;3;3;3;4;4;4;4;5;3;3;4;4;4;5;4;4;3;4;4;4;4;4;4;4;5;5;5;5;5;5;5;5;5;5;5;5;5;5;5;5;5;5;5;4;4;4
878;1;1;1;0;4;4;5;4;5;5;3;3;3;3;3;3;3;3;4;3;3;4;4;4;4;4;4;4;4;4;4;4;4;4;4;4;4;4;4;4;4;4;4;4;4;4;4;4;4;4;4;4;4;5;5;5;5;5;5;5;5;5;5;5;5;5;5;5;5;5;5;5;5;5;5
879;0;1;1;0;4;4;3;3;3;3;4;3;3;3;3;3;4;3;3;3;3;4;4;4;4;4;4;4;4;4;4;4;4;4;4;4;4;4;4;4;3;3;3;3;3;4;4;4;4;3;3;3;3;4;4;4;3;3;4;4;4;4;4;4;4;4;4;4;4;4;4;4;4;4;4
880;0;1;1;0;5;5;5;5;5;5;4;4;3;3;2;3;3;3;3;3;3;2;2;2;2;2;2;2;2;2;2;2;2;2;2;2;2;2;2;2;2;2;2;2;2;2;2;2;2;2;2;2;2;3;3;3;3;3;3;3;3;3;3;3;3;3;3;3;3;3;4;4;4;4;3
881;1;1;1;0;4;4;4;3;2;2;4;3;4;3;5;4;3;2;2;2;2;2;3;4;3;3;2;4;3;2;3;2;2;4;4;3;3;4;3;3;4;3;4;3;4;4;4;4;4;3;3;4;4;4;5;5;5;3;5;5;5;5;5;5;4;4;5;4;4;4;3;4;3;3;3
882;1;1;1;0;4;5;5;4;5;3;4;5;4;5;5;3;3;2;4;3;4;5;3;4;5;4;5;4;2;5;2;4;2;2;3;4;3;1;1;5;1;3;5;4;3;4;5;5;5;5;5;5;5;5;5;5;5;1;2;3;5;5;5;4;3;5;5;5;5;5;4;5;5;5;5
883;0;1;1;0;3;3;5;3;4;4;3;3;2;2;2;3;2;2;2;2;2;2;2;2;2;2;2;2;3;3;3;2;3;2;3;3;2;2;2;3;3;3;2;4;3;3;4;4;3;3;4;2;2;4;4;3;3;4;3;4;3;4;4;4;3;4;3;4;3;4;4;3;3;4;3
884;1;1;1;0;3;5;5;5;4;4;3;3;2;3;4;4;4;3;3;2;2;2;3;4;4;2;4;2;1;1;4;3;3;1;1;1;1;2;2;1;2;2;2;2;2;2;2;3;1;3;1;3;1;1;2;1;4;3;3;3;2;3;3;2;3;4;3;4;2;4;3;3;3;3;3
885;0;1;1;0;5;4;5;5;2;4;3;3;2;3;3;3;2;2;3;1;1;3;4;4;5;4;4;4;4;3;3;3;4;5;4;5;4;3;3;4;5;4;4;5;4;5;4;5;4;4;4;4;3;4;4;4;5;2;3;4;5;5;5;4;4;3;5;4;4;4;4;3;5;4;5
886;1;1;1;0;5;5;5;5;5;5;3;3;3;4;3;3;2;2;3;3;3;4;4;3;3;3;3;3;4;4;4;4;4;4;4;4;4;4;4;4;4;4;3;4;4;4;3;3;4;4;3;4;4;4;4;4;4;3;5;5;4;4;4;3;3;3;3;3;5;5;4;4;4;4;4
887;1;1;1;0;2;2;3;3;4;4;3;3;3;3;3;3;3;3;3;3;3;3;4;5;5;4;4;4;4;4;4;3;4;3;3;4;4;3;3;4;3;3;4;4;4;4;4;4;3;4;3;3;4;4;4;4;4;4;4;4;4;4;5;4;5;4;4;4;4;4;3;3;4;4;3
888;1;1;1;0;5;5;5;4;5;5;4;4;4;3;5;4;3;3;2;2;3;4;4;4;5;4;5;5;3;3;4;4;4;3;4;4;4;2;2;4;4;3;4;4;3;4;4;4;4;3;3;3;3;5;5;5;4;3;4;5;5;5;5;4;4;4;3;3;4;5;4;5;3;4;3
889;0;1;1;0;5;4;4;3;4;3;5;5;4;4;4;3;3;3;2;3;2;4;3;4;4;3;4;4;4;3;4;3;4;4;4;4;3;4;4;3;4;4;4;4;4;3;4;4;4;4;4;4;4;3;4;4;4;4;5;4;4;5;5;4;5;3;4;4;4;4;3;5;4;4;4
890;1;1;1;0;5;4;5;3;3;3;2;2;2;1;2;1;3;4;4;5;4;3;3;4;5;4;4;4;4;4;4;4;4;5;4;4;4;4;4;4;5;3;3;4;4;4;4;4;4;4;4;4;4;4;4;4;4;5;2;4;4;4;3;3;4;3;4;3;4;4;3;4;4;4;4
891;1;1;1;0;5;5;5;5;5;5;3;3;3;3;3;3;3;3;3;3;3;3;3;3;3;3;3;3;3;3;3;3;3;3;3;3;3;3;3;3;3;3;3;3;3;3;3;3;3;3;3;3;3;3;3;3;3;3;3;3;3;3;3;3;3;3;3;3;3;3;3;3;3;3;3
892;0;1;1;0;5;5;5;5;5;5;1;1;1;1;1;1;5;5;5;5;5;5;5;5;5;5;5;5;5;5;5;5;5;5;5;5;5;5;5;5;5;5;5;5;5;5;5;5;5;5;5;5;5;5;5;5;5;5;5;5;5;5;5;5;5;5;5;5;5;5;5;5;5;5;5
893;0;1;1;0;4;4;5;5;5;4;3;3;4;4;3;4;3;3;4;5;5;3;4;5;5;4;3;5;2;3;4;3;4;4;3;5;4;2;3;5;2;5;2;4;3;4;4;2;4;5;4;4;5;4;4;3;3;4;5;4;4;4;4;4;3;4;4;4;5;5;4;5;5;4;5
894;0;1;1;0;5;5;5;5;5;5;4;3;3;4;2;2;5;5;5;5;5;4;4;4;5;5;5;5;5;5;4;4;4;5;5;5;5;5;5;5;5;5;5;5;5;5;3;3;3;5;5;5;5;5;5;5;5;5;5;5;5;5;5;5;5;5;5;5;3;4;4;4;5;5;5
895;1;1;1;0;4;4;4;4;4;4;3;3;3;3;3;3;3;3;3;3;3;3;3;3;3;3;3;4;4;4;4;4;4;4;4;4;4;3;3;3;3;3;3;3;3;3;3;3;3;3;3;3;3;4;4;4;4;4;3;3;3;3;4;4;4;4;4;4;4;4;4;4;3;3;3
896;0;1;1;0;2;3;2;2;2;1;3;4;4;4;3;4;1;1;1;1;1;2;2;2;2;1;1;1;1;1;1;1;1;3;3;3;2;2;2;2;1;1;1;1;1;1;2;2;1;1;1;1;1;3;3;3;3;3;3;3;3;3;3;3;3;3;3;3;3;3;3;3;3;3;3
897;0;1;1;0;4;4;4;3;4;4;4;2;2;3;3;3;2;3;2;2;2;3;3;3;3;2;3;3;4;4;3;3;2;4;4;4;3;4;4;2;5;5;3;4;4;5;5;5;4;5;5;5;5;5;5;4;5;4;4;4;4;4;3;4;5;5;4;4;5;5;5;5;5;5;5
898;1;1;1;0;3;3;3;3;3;3;4;4;4;4;4;4;2;2;2;3;2;3;2;3;3;2;3;2;2;3;3;3;3;2;3;3;3;2;2;2;2;3;2;2;2;3;3;3;3;2;3;3;3;3;3;3;3;3;3;3;3;3;3;3;3;3;3;3;3;3;3;3;4;4;4
899;1;1;1;0;4;4;5;3;4;5;3;2;2;3;4;3;3;3;2;2;3;4;4;4;4;3;4;5;5;5;5;3;4;5;4;4;5;3;3;3;4;4;3;4;3;5;5;3;4;5;3;4;4;5;5;4;5;3;4;4;5;5;5;4;5;4;5;4;4;5;4;5;4;4;4
900;0;1;1;0;5;4;5;5;5;4;4;5;4;4;5;4;5;3;4;4;5;2;5;3;4;3;5;4;3;4;4;3;4;4;3;3;4;4;4;3;4;3;4;5;4;3;5;4;3;4;3;4;5;5;4;3;4;4;5;4;3;4;4;3;5;4;3;4;4;3;5;3;5;4;5
901;0;1;1;0;4;4;5;4;5;5;5;4;4;5;4;5;2;2;1;2;1;4;4;4;4;4;4;4;4;4;4;5;5;5;3;4;4;4;4;4;3;5;3;4;5;5;5;5;2;5;5;4;5;4;4;4;4;4;4;4;4;4;5;5;4;4;4;5;3;3;3;3;3;3;3
902;1;1;1;0;4;4;4;4;4;4;4;4;4;4;4;4;4;4;4;4;4;2;3;2;3;3;3;3;3;3;3;3;3;3;3;3;3;3;3;3;3;3;1;2;3;2;2;4;1;5;3;2;5;5;2;4;2;2;4;4;2;2;1;5;2;2;4;2;3;3;4;4;2;4;3
903;0;1;1;0;2;5;5;5;5;4;3;3;4;3;3;4;4;3;5;3;5;4;4;4;4;4;4;4;5;4;4;4;4;5;4;4;3;5;4;3;4;4;4;4;4;4;4;4;4;4;4;4;5;4;4;4;4;4;4;4;4;4;4;4;4;4;4;4;4;4;4;4;4;4;4
904;0;1;1;0;4;4;4;4;4;4;4;4;4;4;4;4;3;3;3;3;3;4;4;4;3;3;3;3;3;3;3;3;3;3;3;3;3;3;3;3;3;3;3;3;3;3;3;3;3;3;3;3;3;3;3;3;3;3;3;3;3;3;3;3;3;3;3;3;4;4;4;4;4;4;4
